/Users/ganzhengwei/Desktop/object/量化/test/mrarb/futures.py:549: RuntimeWarning: All-NaN axis encountered
  return float(np.nanmin([_leg_avg_vol(u, c, _leg(u, c, r)[0], tr)
/Users/ganzhengwei/Desktop/object/量化/test/mrarb/futures.py:687: FutureWarning: adfuller currently returns a plain tuple whose length depends on the store and autolag arguments. In release 0.16 or after July 2027, whichever is later, the default behavior will switch to always returning an ADFullerResult. Set result_object=True to switch now, or result_object=False to keep the current behavior and silence this warning.
  p = adfuller(y - Xs[0], autolag="AIC")[1]
/Users/ganzhengwei/Desktop/object/量化/test/mrarb/futures.py:760: FutureWarning: adfuller currently returns a plain tuple whose length depends on the store and autolag arguments. In release 0.16 or after July 2027, whichever is later, the default behavior will switch to always returning an ADFullerResult. Set result_object=True to switch now, or result_object=False to keep the current behavior and silence this warning.
  p1 = adfuller(spread_train[:h], autolag="AIC")[1]
/Users/ganzhengwei/Desktop/object/量化/test/mrarb/futures.py:761: FutureWarning: adfuller currently returns a plain tuple whose length depends on the store and autolag arguments. In release 0.16 or after July 2027, whichever is later, the default behavior will switch to always returning an ADFullerResult. Set result_object=True to switch now, or result_object=False to keep the current behavior and silence this warning.
  p2 = adfuller(spread_train[h:], autolag="AIC")[1]
/Users/ganzhengwei/Desktop/object/量化/test/mrarb/futures.py:687: FutureWarning: adfuller currently returns a plain tuple whose length depends on the store and autolag arguments. In release 0.16 or after July 2027, whichever is later, the default behavior will switch to always returning an ADFullerResult. Set result_object=True to switch now, or result_object=False to keep the current behavior and silence this warning.
  p = adfuller(y - Xs[0], autolag="AIC")[1]
/Users/ganzhengwei/Desktop/object/量化/test/mrarb/futures.py:760: FutureWarning: adfuller currently returns a plain tuple whose length depends on the store and autolag arguments. In release 0.16 or after July 2027, whichever is later, the default behavior will switch to always returning an ADFullerResult. Set result_object=True to switch now, or result_object=False to keep the current behavior and silence this warning.
  p1 = adfuller(spread_train[:h], autolag="AIC")[1]
/Users/ganzhengwei/Desktop/object/量化/test/mrarb/futures.py:761: FutureWarning: adfuller currently returns a plain tuple whose length depends on the store and autolag arguments. In release 0.16 or after July 2027, whichever is later, the default behavior will switch to always returning an ADFullerResult. Set result_object=True to switch now, or result_object=False to keep the current behavior and silence this warning.
  p2 = adfuller(spread_train[h:], autolag="AIC")[1]
/Users/ganzhengwei/Desktop/object/量化/test/mrarb/futures.py:687: FutureWarning: adfuller currently returns a plain tuple whose length depends on the store and autolag arguments. In release 0.16 or after July 2027, whichever is later, the default behavior will switch to always returning an ADFullerResult. Set result_object=True to switch now, or result_object=False to keep the current behavior and silence this warning.
  p = adfuller(y - Xs[0], autolag="AIC")[1]
/Users/ganzhengwei/Desktop/object/量化/test/mrarb/futures.py:760: FutureWarning: adfuller currently returns a plain tuple whose length depends on the store and autolag arguments. In release 0.16 or after July 2027, whichever is later, the default behavior will switch to always returning an ADFullerResult. Set result_object=True to switch now, or result_object=False to keep the current behavior and silence this warning.
  p1 = adfuller(spread_train[:h], autolag="AIC")[1]
/Users/ganzhengwei/Desktop/object/量化/test/mrarb/futures.py:761: FutureWarning: adfuller currently returns a plain tuple whose length depends on the store and autolag arguments. In release 0.16 or after July 2027, whichever is later, the default behavior will switch to always returning an ADFullerResult. Set result_object=True to switch now, or result_object=False to keep the current behavior and silence this warning.
  p2 = adfuller(spread_train[h:], autolag="AIC")[1]
/Users/ganzhengwei/Desktop/object/量化/test/mrarb/futures.py:687: FutureWarning: adfuller currently returns a plain tuple whose length depends on the store and autolag arguments. In release 0.16 or after July 2027, whichever is later, the default behavior will switch to always returning an ADFullerResult. Set result_object=True to switch now, or result_object=False to keep the current behavior and silence this warning.
  p = adfuller(y - Xs[0], autolag="AIC")[1]
/Users/ganzhengwei/Desktop/object/量化/test/mrarb/futures.py:760: FutureWarning: adfuller currently returns a plain tuple whose length depends on the store and autolag arguments. In release 0.16 or after July 2027, whichever is later, the default behavior will switch to always returning an ADFullerResult. Set result_object=True to switch now, or result_object=False to keep the current behavior and silence this warning.
  p1 = adfuller(spread_train[:h], autolag="AIC")[1]
/Users/ganzhengwei/Desktop/object/量化/test/mrarb/futures.py:761: FutureWarning: adfuller currently returns a plain tuple whose length depends on the store and autolag arguments. In release 0.16 or after July 2027, whichever is later, the default behavior will switch to always returning an ADFullerResult. Set result_object=True to switch now, or result_object=False to keep the current behavior and silence this warning.
  p2 = adfuller(spread_train[h:], autolag="AIC")[1]
/Users/ganzhengwei/Desktop/object/量化/test/mrarb/futures.py:687: FutureWarning: adfuller currently returns a plain tuple whose length depends on the store and autolag arguments. In release 0.16 or after July 2027, whichever is later, the default behavior will switch to always returning an ADFullerResult. Set result_object=True to switch now, or result_object=False to keep the current behavior and silence this warning.
  p = adfuller(y - Xs[0], autolag="AIC")[1]
/Users/ganzhengwei/Desktop/object/量化/test/mrarb/futures.py:760: FutureWarning: adfuller currently returns a plain tuple whose length depends on the store and autolag arguments. In release 0.16 or after July 2027, whichever is later, the default behavior will switch to always returning an ADFullerResult. Set result_object=True to switch now, or result_object=False to keep the current behavior and silence this warning.
  p1 = adfuller(spread_train[:h], autolag="AIC")[1]
/Users/ganzhengwei/Desktop/object/量化/test/mrarb/futures.py:761: FutureWarning: adfuller currently returns a plain tuple whose length depends on the store and autolag arguments. In release 0.16 or after July 2027, whichever is later, the default behavior will switch to always returning an ADFullerResult. Set result_object=True to switch now, or result_object=False to keep the current behavior and silence this warning.
  p2 = adfuller(spread_train[h:], autolag="AIC")[1]
/Users/ganzhengwei/Desktop/object/量化/test/mrarb/futures.py:687: FutureWarning: adfuller currently returns a plain tuple whose length depends on the store and autolag arguments. In release 0.16 or after July 2027, whichever is later, the default behavior will switch to always returning an ADFullerResult. Set result_object=True to switch now, or result_object=False to keep the current behavior and silence this warning.
  p = adfuller(y - Xs[0], autolag="AIC")[1]
/Users/ganzhengwei/Desktop/object/量化/test/mrarb/futures.py:760: FutureWarning: adfuller currently returns a plain tuple whose length depends on the store and autolag arguments. In release 0.16 or after July 2027, whichever is later, the default behavior will switch to always returning an ADFullerResult. Set result_object=True to switch now, or result_object=False to keep the current behavior and silence this warning.
  p1 = adfuller(spread_train[:h], autolag="AIC")[1]
/Users/ganzhengwei/Desktop/object/量化/test/mrarb/futures.py:761: FutureWarning: adfuller currently returns a plain tuple whose length depends on the store and autolag arguments. In release 0.16 or after July 2027, whichever is later, the default behavior will switch to always returning an ADFullerResult. Set result_object=True to switch now, or result_object=False to keep the current behavior and silence this warning.
  p2 = adfuller(spread_train[h:], autolag="AIC")[1]
/Users/ganzhengwei/Desktop/object/量化/test/mrarb/futures.py:687: FutureWarning: adfuller currently returns a plain tuple whose length depends on the store and autolag arguments. In release 0.16 or after July 2027, whichever is later, the default behavior will switch to always returning an ADFullerResult. Set result_object=True to switch now, or result_object=False to keep the current behavior and silence this warning.
  p = adfuller(y - Xs[0], autolag="AIC")[1]
/Users/ganzhengwei/Desktop/object/量化/test/mrarb/futures.py:760: FutureWarning: adfuller currently returns a plain tuple whose length depends on the store and autolag arguments. In release 0.16 or after July 2027, whichever is later, the default behavior will switch to always returning an ADFullerResult. Set result_object=True to switch now, or result_object=False to keep the current behavior and silence this warning.
  p1 = adfuller(spread_train[:h], autolag="AIC")[1]
/Users/ganzhengwei/Desktop/object/量化/test/mrarb/futures.py:761: FutureWarning: adfuller currently returns a plain tuple whose length depends on the store and autolag arguments. In release 0.16 or after July 2027, whichever is later, the default behavior will switch to always returning an ADFullerResult. Set result_object=True to switch now, or result_object=False to keep the current behavior and silence this warning.
  p2 = adfuller(spread_train[h:], autolag="AIC")[1]
/Users/ganzhengwei/Desktop/object/量化/test/mrarb/futures.py:687: FutureWarning: adfuller currently returns a plain tuple whose length depends on the store and autolag arguments. In release 0.16 or after July 2027, whichever is later, the default behavior will switch to always returning an ADFullerResult. Set result_object=True to switch now, or result_object=False to keep the current behavior and silence this warning.
  p = adfuller(y - Xs[0], autolag="AIC")[1]
/Users/ganzhengwei/Desktop/object/量化/test/mrarb/futures.py:760: FutureWarning: adfuller currently returns a plain tuple whose length depends on the store and autolag arguments. In release 0.16 or after July 2027, whichever is later, the default behavior will switch to always returning an ADFullerResult. Set result_object=True to switch now, or result_object=False to keep the current behavior and silence this warning.
  p1 = adfuller(spread_train[:h], autolag="AIC")[1]
/Users/ganzhengwei/Desktop/object/量化/test/mrarb/futures.py:761: FutureWarning: adfuller currently returns a plain tuple whose length depends on the store and autolag arguments. In release 0.16 or after July 2027, whichever is later, the default behavior will switch to always returning an ADFullerResult. Set result_object=True to switch now, or result_object=False to keep the current behavior and silence this warning.
  p2 = adfuller(spread_train[h:], autolag="AIC")[1]
/Users/ganzhengwei/Desktop/object/量化/test/mrarb/futures.py:687: FutureWarning: adfuller currently returns a plain tuple whose length depends on the store and autolag arguments. In release 0.16 or after July 2027, whichever is later, the default behavior will switch to always returning an ADFullerResult. Set result_object=True to switch now, or result_object=False to keep the current behavior and silence this warning.
  p = adfuller(y - Xs[0], autolag="AIC")[1]
/Users/ganzhengwei/Desktop/object/量化/test/mrarb/futures.py:760: FutureWarning: adfuller currently returns a plain tuple whose length depends on the store and autolag arguments. In release 0.16 or after July 2027, whichever is later, the default behavior will switch to always returning an ADFullerResult. Set result_object=True to switch now, or result_object=False to keep the current behavior and silence this warning.
  p1 = adfuller(spread_train[:h], autolag="AIC")[1]
/Users/ganzhengwei/Desktop/object/量化/test/mrarb/futures.py:761: FutureWarning: adfuller currently returns a plain tuple whose length depends on the store and autolag arguments. In release 0.16 or after July 2027, whichever is later, the default behavior will switch to always returning an ADFullerResult. Set result_object=True to switch now, or result_object=False to keep the current behavior and silence this warning.
  p2 = adfuller(spread_train[h:], autolag="AIC")[1]
/Users/ganzhengwei/Desktop/object/量化/test/mrarb/futures.py:687: FutureWarning: adfuller currently returns a plain tuple whose length depends on the store and autolag arguments. In release 0.16 or after July 2027, whichever is later, the default behavior will switch to always returning an ADFullerResult. Set result_object=True to switch now, or result_object=False to keep the current behavior and silence this warning.
  p = adfuller(y - Xs[0], autolag="AIC")[1]
/Users/ganzhengwei/Desktop/object/量化/test/mrarb/futures.py:760: FutureWarning: adfuller currently returns a plain tuple whose length depends on the store and autolag arguments. In release 0.16 or after July 2027, whichever is later, the default behavior will switch to always returning an ADFullerResult. Set result_object=True to switch now, or result_object=False to keep the current behavior and silence this warning.
  p1 = adfuller(spread_train[:h], autolag="AIC")[1]
/Users/ganzhengwei/Desktop/object/量化/test/mrarb/futures.py:761: FutureWarning: adfuller currently returns a plain tuple whose length depends on the store and autolag arguments. In release 0.16 or after July 2027, whichever is later, the default behavior will switch to always returning an ADFullerResult. Set result_object=True to switch now, or result_object=False to keep the current behavior and silence this warning.
  p2 = adfuller(spread_train[h:], autolag="AIC")[1]
/Users/ganzhengwei/Desktop/object/量化/test/mrarb/futures.py:687: FutureWarning: adfuller currently returns a plain tuple whose length depends on the store and autolag arguments. In release 0.16 or after July 2027, whichever is later, the default behavior will switch to always returning an ADFullerResult. Set result_object=True to switch now, or result_object=False to keep the current behavior and silence this warning.
  p = adfuller(y - Xs[0], autolag="AIC")[1]
/Users/ganzhengwei/Desktop/object/量化/test/mrarb/futures.py:760: FutureWarning: adfuller currently returns a plain tuple whose length depends on the store and autolag arguments. In release 0.16 or after July 2027, whichever is later, the default behavior will switch to always returning an ADFullerResult. Set result_object=True to switch now, or result_object=False to keep the current behavior and silence this warning.
  p1 = adfuller(spread_train[:h], autolag="AIC")[1]
/Users/ganzhengwei/Desktop/object/量化/test/mrarb/futures.py:761: FutureWarning: adfuller currently returns a plain tuple whose length depends on the store and autolag arguments. In release 0.16 or after July 2027, whichever is later, the default behavior will switch to always returning an ADFullerResult. Set result_object=True to switch now, or result_object=False to keep the current behavior and silence this warning.
  p2 = adfuller(spread_train[h:], autolag="AIC")[1]
/Users/ganzhengwei/Desktop/object/量化/test/mrarb/futures.py:687: FutureWarning: adfuller currently returns a plain tuple whose length depends on the store and autolag arguments. In release 0.16 or after July 2027, whichever is later, the default behavior will switch to always returning an ADFullerResult. Set result_object=True to switch now, or result_object=False to keep the current behavior and silence this warning.
  p = adfuller(y - Xs[0], autolag="AIC")[1]
/Users/ganzhengwei/Desktop/object/量化/test/mrarb/futures.py:760: FutureWarning: adfuller currently returns a plain tuple whose length depends on the store and autolag arguments. In release 0.16 or after July 2027, whichever is later, the default behavior will switch to always returning an ADFullerResult. Set result_object=True to switch now, or result_object=False to keep the current behavior and silence this warning.
  p1 = adfuller(spread_train[:h], autolag="AIC")[1]
/Users/ganzhengwei/Desktop/object/量化/test/mrarb/futures.py:761: FutureWarning: adfuller currently returns a plain tuple whose length depends on the store and autolag arguments. In release 0.16 or after July 2027, whichever is later, the default behavior will switch to always returning an ADFullerResult. Set result_object=True to switch now, or result_object=False to keep the current behavior and silence this warning.
  p2 = adfuller(spread_train[h:], autolag="AIC")[1]
/Users/ganzhengwei/Desktop/object/量化/test/mrarb/futures.py:687: FutureWarning: adfuller currently returns a plain tuple whose length depends on the store and autolag arguments. In release 0.16 or after July 2027, whichever is later, the default behavior will switch to always returning an ADFullerResult. Set result_object=True to switch now, or result_object=False to keep the current behavior and silence this warning.
  p = adfuller(y - Xs[0], autolag="AIC")[1]
/Users/ganzhengwei/Desktop/object/量化/test/mrarb/futures.py:760: FutureWarning: adfuller currently returns a plain tuple whose length depends on the store and autolag arguments. In release 0.16 or after July 2027, whichever is later, the default behavior will switch to always returning an ADFullerResult. Set result_object=True to switch now, or result_object=False to keep the current behavior and silence this warning.
  p1 = adfuller(spread_train[:h], autolag="AIC")[1]
/Users/ganzhengwei/Desktop/object/量化/test/mrarb/futures.py:761: FutureWarning: adfuller currently returns a plain tuple whose length depends on the store and autolag arguments. In release 0.16 or after July 2027, whichever is later, the default behavior will switch to always returning an ADFullerResult. Set result_object=True to switch now, or result_object=False to keep the current behavior and silence this warning.
  p2 = adfuller(spread_train[h:], autolag="AIC")[1]
/Users/ganzhengwei/Desktop/object/量化/test/mrarb/futures.py:687: FutureWarning: adfuller currently returns a plain tuple whose length depends on the store and autolag arguments. In release 0.16 or after July 2027, whichever is later, the default behavior will switch to always returning an ADFullerResult. Set result_object=True to switch now, or result_object=False to keep the current behavior and silence this warning.
  p = adfuller(y - Xs[0], autolag="AIC")[1]
/Users/ganzhengwei/Desktop/object/量化/test/mrarb/futures.py:760: FutureWarning: adfuller currently returns a plain tuple whose length depends on the store and autolag arguments. In release 0.16 or after July 2027, whichever is later, the default behavior will switch to always returning an ADFullerResult. Set result_object=True to switch now, or result_object=False to keep the current behavior and silence this warning.
  p1 = adfuller(spread_train[:h], autolag="AIC")[1]
/Users/ganzhengwei/Desktop/object/量化/test/mrarb/futures.py:761: FutureWarning: adfuller currently returns a plain tuple whose length depends on the store and autolag arguments. In release 0.16 or after July 2027, whichever is later, the default behavior will switch to always returning an ADFullerResult. Set result_object=True to switch now, or result_object=False to keep the current behavior and silence this warning.
  p2 = adfuller(spread_train[h:], autolag="AIC")[1]
/Users/ganzhengwei/Desktop/object/量化/test/mrarb/futures.py:687: FutureWarning: adfuller currently returns a plain tuple whose length depends on the store and autolag arguments. In release 0.16 or after July 2027, whichever is later, the default behavior will switch to always returning an ADFullerResult. Set result_object=True to switch now, or result_object=False to keep the current behavior and silence this warning.
  p = adfuller(y - Xs[0], autolag="AIC")[1]
/Users/ganzhengwei/Desktop/object/量化/test/mrarb/futures.py:760: FutureWarning: adfuller currently returns a plain tuple whose length depends on the store and autolag arguments. In release 0.16 or after July 2027, whichever is later, the default behavior will switch to always returning an ADFullerResult. Set result_object=True to switch now, or result_object=False to keep the current behavior and silence this warning.
  p1 = adfuller(spread_train[:h], autolag="AIC")[1]
/Users/ganzhengwei/Desktop/object/量化/test/mrarb/futures.py:761: FutureWarning: adfuller currently returns a plain tuple whose length depends on the store and autolag arguments. In release 0.16 or after July 2027, whichever is later, the default behavior will switch to always returning an ADFullerResult. Set result_object=True to switch now, or result_object=False to keep the current behavior and silence this warning.
  p2 = adfuller(spread_train[h:], autolag="AIC")[1]
/Users/ganzhengwei/Desktop/object/量化/test/mrarb/futures.py:760: FutureWarning: adfuller currently returns a plain tuple whose length depends on the store and autolag arguments. In release 0.16 or after July 2027, whichever is later, the default behavior will switch to always returning an ADFullerResult. Set result_object=True to switch now, or result_object=False to keep the current behavior and silence this warning.
  p1 = adfuller(spread_train[:h], autolag="AIC")[1]
/Users/ganzhengwei/Desktop/object/量化/test/mrarb/futures.py:761: FutureWarning: adfuller currently returns a plain tuple whose length depends on the store and autolag arguments. In release 0.16 or after July 2027, whichever is later, the default behavior will switch to always returning an ADFullerResult. Set result_object=True to switch now, or result_object=False to keep the current behavior and silence this warning.
  p2 = adfuller(spread_train[h:], autolag="AIC")[1]
/Users/ganzhengwei/Desktop/object/量化/test/mrarb/futures.py:760: FutureWarning: adfuller currently returns a plain tuple whose length depends on the store and autolag arguments. In release 0.16 or after July 2027, whichever is later, the default behavior will switch to always returning an ADFullerResult. Set result_object=True to switch now, or result_object=False to keep the current behavior and silence this warning.
  p1 = adfuller(spread_train[:h], autolag="AIC")[1]
/Users/ganzhengwei/Desktop/object/量化/test/mrarb/futures.py:761: FutureWarning: adfuller currently returns a plain tuple whose length depends on the store and autolag arguments. In release 0.16 or after July 2027, whichever is later, the default behavior will switch to always returning an ADFullerResult. Set result_object=True to switch now, or result_object=False to keep the current behavior and silence this warning.
  p2 = adfuller(spread_train[h:], autolag="AIC")[1]
/Users/ganzhengwei/Desktop/object/量化/test/mrarb/futures.py:760: FutureWarning: adfuller currently returns a plain tuple whose length depends on the store and autolag arguments. In release 0.16 or after July 2027, whichever is later, the default behavior will switch to always returning an ADFullerResult. Set result_object=True to switch now, or result_object=False to keep the current behavior and silence this warning.
  p1 = adfuller(spread_train[:h], autolag="AIC")[1]
/Users/ganzhengwei/Desktop/object/量化/test/mrarb/futures.py:761: FutureWarning: adfuller currently returns a plain tuple whose length depends on the store and autolag arguments. In release 0.16 or after July 2027, whichever is later, the default behavior will switch to always returning an ADFullerResult. Set result_object=True to switch now, or result_object=False to keep the current behavior and silence this warning.
  p2 = adfuller(spread_train[h:], autolag="AIC")[1]
/Users/ganzhengwei/Desktop/object/量化/test/mrarb/futures.py:760: FutureWarning: adfuller currently returns a plain tuple whose length depends on the store and autolag arguments. In release 0.16 or after July 2027, whichever is later, the default behavior will switch to always returning an ADFullerResult. Set result_object=True to switch now, or result_object=False to keep the current behavior and silence this warning.
  p1 = adfuller(spread_train[:h], autolag="AIC")[1]
/Users/ganzhengwei/Desktop/object/量化/test/mrarb/futures.py:761: FutureWarning: adfuller currently returns a plain tuple whose length depends on the store and autolag arguments. In release 0.16 or after July 2027, whichever is later, the default behavior will switch to always returning an ADFullerResult. Set result_object=True to switch now, or result_object=False to keep the current behavior and silence this warning.
  p2 = adfuller(spread_train[h:], autolag="AIC")[1]
/Users/ganzhengwei/Desktop/object/量化/test/mrarb/futures.py:760: FutureWarning: adfuller currently returns a plain tuple whose length depends on the store and autolag arguments. In release 0.16 or after July 2027, whichever is later, the default behavior will switch to always returning an ADFullerResult. Set result_object=True to switch now, or result_object=False to keep the current behavior and silence this warning.
  p1 = adfuller(spread_train[:h], autolag="AIC")[1]
/Users/ganzhengwei/Desktop/object/量化/test/mrarb/futures.py:761: FutureWarning: adfuller currently returns a plain tuple whose length depends on the store and autolag arguments. In release 0.16 or after July 2027, whichever is later, the default behavior will switch to always returning an ADFullerResult. Set result_object=True to switch now, or result_object=False to keep the current behavior and silence this warning.
  p2 = adfuller(spread_train[h:], autolag="AIC")[1]
/Users/ganzhengwei/Desktop/object/量化/test/mrarb/futures.py:760: FutureWarning: adfuller currently returns a plain tuple whose length depends on the store and autolag arguments. In release 0.16 or after July 2027, whichever is later, the default behavior will switch to always returning an ADFullerResult. Set result_object=True to switch now, or result_object=False to keep the current behavior and silence this warning.
  p1 = adfuller(spread_train[:h], autolag="AIC")[1]
/Users/ganzhengwei/Desktop/object/量化/test/mrarb/futures.py:761: FutureWarning: adfuller currently returns a plain tuple whose length depends on the store and autolag arguments. In release 0.16 or after July 2027, whichever is later, the default behavior will switch to always returning an ADFullerResult. Set result_object=True to switch now, or result_object=False to keep the current behavior and silence this warning.
  p2 = adfuller(spread_train[h:], autolag="AIC")[1]
/Users/ganzhengwei/Desktop/object/量化/test/mrarb/futures.py:760: FutureWarning: adfuller currently returns a plain tuple whose length depends on the store and autolag arguments. In release 0.16 or after July 2027, whichever is later, the default behavior will switch to always returning an ADFullerResult. Set result_object=True to switch now, or result_object=False to keep the current behavior and silence this warning.
  p1 = adfuller(spread_train[:h], autolag="AIC")[1]
/Users/ganzhengwei/Desktop/object/量化/test/mrarb/futures.py:761: FutureWarning: adfuller currently returns a plain tuple whose length depends on the store and autolag arguments. In release 0.16 or after July 2027, whichever is later, the default behavior will switch to always returning an ADFullerResult. Set result_object=True to switch now, or result_object=False to keep the current behavior and silence this warning.
  p2 = adfuller(spread_train[h:], autolag="AIC")[1]
/Users/ganzhengwei/Desktop/object/量化/test/mrarb/futures.py:760: FutureWarning: adfuller currently returns a plain tuple whose length depends on the store and autolag arguments. In release 0.16 or after July 2027, whichever is later, the default behavior will switch to always returning an ADFullerResult. Set result_object=True to switch now, or result_object=False to keep the current behavior and silence this warning.
  p1 = adfuller(spread_train[:h], autolag="AIC")[1]
/Users/ganzhengwei/Desktop/object/量化/test/mrarb/futures.py:761: FutureWarning: adfuller currently returns a plain tuple whose length depends on the store and autolag arguments. In release 0.16 or after July 2027, whichever is later, the default behavior will switch to always returning an ADFullerResult. Set result_object=True to switch now, or result_object=False to keep the current behavior and silence this warning.
  p2 = adfuller(spread_train[h:], autolag="AIC")[1]
/Users/ganzhengwei/Desktop/object/量化/test/mrarb/futures.py:760: FutureWarning: adfuller currently returns a plain tuple whose length depends on the store and autolag arguments. In release 0.16 or after July 2027, whichever is later, the default behavior will switch to always returning an ADFullerResult. Set result_object=True to switch now, or result_object=False to keep the current behavior and silence this warning.
  p1 = adfuller(spread_train[:h], autolag="AIC")[1]
/Users/ganzhengwei/Desktop/object/量化/test/mrarb/futures.py:761: FutureWarning: adfuller currently returns a plain tuple whose length depends on the store and autolag arguments. In release 0.16 or after July 2027, whichever is later, the default behavior will switch to always returning an ADFullerResult. Set result_object=True to switch now, or result_object=False to keep the current behavior and silence this warning.
  p2 = adfuller(spread_train[h:], autolag="AIC")[1]
/Users/ganzhengwei/Desktop/object/量化/test/mrarb/futures.py:760: FutureWarning: adfuller currently returns a plain tuple whose length depends on the store and autolag arguments. In release 0.16 or after July 2027, whichever is later, the default behavior will switch to always returning an ADFullerResult. Set result_object=True to switch now, or result_object=False to keep the current behavior and silence this warning.
  p1 = adfuller(spread_train[:h], autolag="AIC")[1]
/Users/ganzhengwei/Desktop/object/量化/test/mrarb/futures.py:761: FutureWarning: adfuller currently returns a plain tuple whose length depends on the store and autolag arguments. In release 0.16 or after July 2027, whichever is later, the default behavior will switch to always returning an ADFullerResult. Set result_object=True to switch now, or result_object=False to keep the current behavior and silence this warning.
  p2 = adfuller(spread_train[h:], autolag="AIC")[1]
/Users/ganzhengwei/Desktop/object/量化/test/mrarb/futures.py:760: FutureWarning: adfuller currently returns a plain tuple whose length depends on the store and autolag arguments. In release 0.16 or after July 2027, whichever is later, the default behavior will switch to always returning an ADFullerResult. Set result_object=True to switch now, or result_object=False to keep the current behavior and silence this warning.
  p1 = adfuller(spread_train[:h], autolag="AIC")[1]
/Users/ganzhengwei/Desktop/object/量化/test/mrarb/futures.py:761: FutureWarning: adfuller currently returns a plain tuple whose length depends on the store and autolag arguments. In release 0.16 or after July 2027, whichever is later, the default behavior will switch to always returning an ADFullerResult. Set result_object=True to switch now, or result_object=False to keep the current behavior and silence this warning.
  p2 = adfuller(spread_train[h:], autolag="AIC")[1]
/Users/ganzhengwei/Desktop/object/量化/test/mrarb/futures.py:760: FutureWarning: adfuller currently returns a plain tuple whose length depends on the store and autolag arguments. In release 0.16 or after July 2027, whichever is later, the default behavior will switch to always returning an ADFullerResult. Set result_object=True to switch now, or result_object=False to keep the current behavior and silence this warning.
  p1 = adfuller(spread_train[:h], autolag="AIC")[1]
/Users/ganzhengwei/Desktop/object/量化/test/mrarb/futures.py:761: FutureWarning: adfuller currently returns a plain tuple whose length depends on the store and autolag arguments. In release 0.16 or after July 2027, whichever is later, the default behavior will switch to always returning an ADFullerResult. Set result_object=True to switch now, or result_object=False to keep the current behavior and silence this warning.
  p2 = adfuller(spread_train[h:], autolag="AIC")[1]
/Users/ganzhengwei/Desktop/object/量化/test/mrarb/futures.py:760: FutureWarning: adfuller currently returns a plain tuple whose length depends on the store and autolag arguments. In release 0.16 or after July 2027, whichever is later, the default behavior will switch to always returning an ADFullerResult. Set result_object=True to switch now, or result_object=False to keep the current behavior and silence this warning.
  p1 = adfuller(spread_train[:h], autolag="AIC")[1]
/Users/ganzhengwei/Desktop/object/量化/test/mrarb/futures.py:761: FutureWarning: adfuller currently returns a plain tuple whose length depends on the store and autolag arguments. In release 0.16 or after July 2027, whichever is later, the default behavior will switch to always returning an ADFullerResult. Set result_object=True to switch now, or result_object=False to keep the current behavior and silence this warning.
  p2 = adfuller(spread_train[h:], autolag="AIC")[1]
/Users/ganzhengwei/Desktop/object/量化/test/mrarb/futures.py:760: FutureWarning: adfuller currently returns a plain tuple whose length depends on the store and autolag arguments. In release 0.16 or after July 2027, whichever is later, the default behavior will switch to always returning an ADFullerResult. Set result_object=True to switch now, or result_object=False to keep the current behavior and silence this warning.
  p1 = adfuller(spread_train[:h], autolag="AIC")[1]
/Users/ganzhengwei/Desktop/object/量化/test/mrarb/futures.py:761: FutureWarning: adfuller currently returns a plain tuple whose length depends on the store and autolag arguments. In release 0.16 or after July 2027, whichever is later, the default behavior will switch to always returning an ADFullerResult. Set result_object=True to switch now, or result_object=False to keep the current behavior and silence this warning.
  p2 = adfuller(spread_train[h:], autolag="AIC")[1]
/Users/ganzhengwei/Desktop/object/量化/test/mrarb/futures.py:760: FutureWarning: adfuller currently returns a plain tuple whose length depends on the store and autolag arguments. In release 0.16 or after July 2027, whichever is later, the default behavior will switch to always returning an ADFullerResult. Set result_object=True to switch now, or result_object=False to keep the current behavior and silence this warning.
  p1 = adfuller(spread_train[:h], autolag="AIC")[1]
/Users/ganzhengwei/Desktop/object/量化/test/mrarb/futures.py:761: FutureWarning: adfuller currently returns a plain tuple whose length depends on the store and autolag arguments. In release 0.16 or after July 2027, whichever is later, the default behavior will switch to always returning an ADFullerResult. Set result_object=True to switch now, or result_object=False to keep the current behavior and silence this warning.
  p2 = adfuller(spread_train[h:], autolag="AIC")[1]
/Users/ganzhengwei/Desktop/object/量化/test/mrarb/futures.py:760: FutureWarning: adfuller currently returns a plain tuple whose length depends on the store and autolag arguments. In release 0.16 or after July 2027, whichever is later, the default behavior will switch to always returning an ADFullerResult. Set result_object=True to switch now, or result_object=False to keep the current behavior and silence this warning.
  p1 = adfuller(spread_train[:h], autolag="AIC")[1]
/Users/ganzhengwei/Desktop/object/量化/test/mrarb/futures.py:761: FutureWarning: adfuller currently returns a plain tuple whose length depends on the store and autolag arguments. In release 0.16 or after July 2027, whichever is later, the default behavior will switch to always returning an ADFullerResult. Set result_object=True to switch now, or result_object=False to keep the current behavior and silence this warning.
  p2 = adfuller(spread_train[h:], autolag="AIC")[1]
/Users/ganzhengwei/Desktop/object/量化/test/mrarb/futures.py:760: FutureWarning: adfuller currently returns a plain tuple whose length depends on the store and autolag arguments. In release 0.16 or after July 2027, whichever is later, the default behavior will switch to always returning an ADFullerResult. Set result_object=True to switch now, or result_object=False to keep the current behavior and silence this warning.
  p1 = adfuller(spread_train[:h], autolag="AIC")[1]
/Users/ganzhengwei/Desktop/object/量化/test/mrarb/futures.py:761: FutureWarning: adfuller currently returns a plain tuple whose length depends on the store and autolag arguments. In release 0.16 or after July 2027, whichever is later, the default behavior will switch to always returning an ADFullerResult. Set result_object=True to switch now, or result_object=False to keep the current behavior and silence this warning.
  p2 = adfuller(spread_train[h:], autolag="AIC")[1]
/Users/ganzhengwei/Desktop/object/量化/test/mrarb/futures.py:760: FutureWarning: adfuller currently returns a plain tuple whose length depends on the store and autolag arguments. In release 0.16 or after July 2027, whichever is later, the default behavior will switch to always returning an ADFullerResult. Set result_object=True to switch now, or result_object=False to keep the current behavior and silence this warning.
  p1 = adfuller(spread_train[:h], autolag="AIC")[1]
/Users/ganzhengwei/Desktop/object/量化/test/mrarb/futures.py:761: FutureWarning: adfuller currently returns a plain tuple whose length depends on the store and autolag arguments. In release 0.16 or after July 2027, whichever is later, the default behavior will switch to always returning an ADFullerResult. Set result_object=True to switch now, or result_object=False to keep the current behavior and silence this warning.
  p2 = adfuller(spread_train[h:], autolag="AIC")[1]
/Users/ganzhengwei/Desktop/object/量化/test/mrarb/futures.py:760: FutureWarning: adfuller currently returns a plain tuple whose length depends on the store and autolag arguments. In release 0.16 or after July 2027, whichever is later, the default behavior will switch to always returning an ADFullerResult. Set result_object=True to switch now, or result_object=False to keep the current behavior and silence this warning.
  p1 = adfuller(spread_train[:h], autolag="AIC")[1]
/Users/ganzhengwei/Desktop/object/量化/test/mrarb/futures.py:761: FutureWarning: adfuller currently returns a plain tuple whose length depends on the store and autolag arguments. In release 0.16 or after July 2027, whichever is later, the default behavior will switch to always returning an ADFullerResult. Set result_object=True to switch now, or result_object=False to keep the current behavior and silence this warning.
  p2 = adfuller(spread_train[h:], autolag="AIC")[1]
/Users/ganzhengwei/Desktop/object/量化/test/mrarb/futures.py:760: FutureWarning: adfuller currently returns a plain tuple whose length depends on the store and autolag arguments. In release 0.16 or after July 2027, whichever is later, the default behavior will switch to always returning an ADFullerResult. Set result_object=True to switch now, or result_object=False to keep the current behavior and silence this warning.
  p1 = adfuller(spread_train[:h], autolag="AIC")[1]
/Users/ganzhengwei/Desktop/object/量化/test/mrarb/futures.py:761: FutureWarning: adfuller currently returns a plain tuple whose length depends on the store and autolag arguments. In release 0.16 or after July 2027, whichever is later, the default behavior will switch to always returning an ADFullerResult. Set result_object=True to switch now, or result_object=False to keep the current behavior and silence this warning.
  p2 = adfuller(spread_train[h:], autolag="AIC")[1]
/Users/ganzhengwei/Desktop/object/量化/test/mrarb/futures.py:760: FutureWarning: adfuller currently returns a plain tuple whose length depends on the store and autolag arguments. In release 0.16 or after July 2027, whichever is later, the default behavior will switch to always returning an ADFullerResult. Set result_object=True to switch now, or result_object=False to keep the current behavior and silence this warning.
  p1 = adfuller(spread_train[:h], autolag="AIC")[1]
/Users/ganzhengwei/Desktop/object/量化/test/mrarb/futures.py:761: FutureWarning: adfuller currently returns a plain tuple whose length depends on the store and autolag arguments. In release 0.16 or after July 2027, whichever is later, the default behavior will switch to always returning an ADFullerResult. Set result_object=True to switch now, or result_object=False to keep the current behavior and silence this warning.
  p2 = adfuller(spread_train[h:], autolag="AIC")[1]
/Users/ganzhengwei/Desktop/object/量化/test/mrarb/futures.py:760: FutureWarning: adfuller currently returns a plain tuple whose length depends on the store and autolag arguments. In release 0.16 or after July 2027, whichever is later, the default behavior will switch to always returning an ADFullerResult. Set result_object=True to switch now, or result_object=False to keep the current behavior and silence this warning.
  p1 = adfuller(spread_train[:h], autolag="AIC")[1]
/Users/ganzhengwei/Desktop/object/量化/test/mrarb/futures.py:761: FutureWarning: adfuller currently returns a plain tuple whose length depends on the store and autolag arguments. In release 0.16 or after July 2027, whichever is later, the default behavior will switch to always returning an ADFullerResult. Set result_object=True to switch now, or result_object=False to keep the current behavior and silence this warning.
  p2 = adfuller(spread_train[h:], autolag="AIC")[1]
/Users/ganzhengwei/Desktop/object/量化/test/mrarb/futures.py:760: FutureWarning: adfuller currently returns a plain tuple whose length depends on the store and autolag arguments. In release 0.16 or after July 2027, whichever is later, the default behavior will switch to always returning an ADFullerResult. Set result_object=True to switch now, or result_object=False to keep the current behavior and silence this warning.
  p1 = adfuller(spread_train[:h], autolag="AIC")[1]
/Users/ganzhengwei/Desktop/object/量化/test/mrarb/futures.py:761: FutureWarning: adfuller currently returns a plain tuple whose length depends on the store and autolag arguments. In release 0.16 or after July 2027, whichever is later, the default behavior will switch to always returning an ADFullerResult. Set result_object=True to switch now, or result_object=False to keep the current behavior and silence this warning.
  p2 = adfuller(spread_train[h:], autolag="AIC")[1]
/Users/ganzhengwei/Desktop/object/量化/test/mrarb/futures.py:760: FutureWarning: adfuller currently returns a plain tuple whose length depends on the store and autolag arguments. In release 0.16 or after July 2027, whichever is later, the default behavior will switch to always returning an ADFullerResult. Set result_object=True to switch now, or result_object=False to keep the current behavior and silence this warning.
  p1 = adfuller(spread_train[:h], autolag="AIC")[1]
/Users/ganzhengwei/Desktop/object/量化/test/mrarb/futures.py:761: FutureWarning: adfuller currently returns a plain tuple whose length depends on the store and autolag arguments. In release 0.16 or after July 2027, whichever is later, the default behavior will switch to always returning an ADFullerResult. Set result_object=True to switch now, or result_object=False to keep the current behavior and silence this warning.
  p2 = adfuller(spread_train[h:], autolag="AIC")[1]
/Users/ganzhengwei/Desktop/object/量化/test/mrarb/futures.py:760: FutureWarning: adfuller currently returns a plain tuple whose length depends on the store and autolag arguments. In release 0.16 or after July 2027, whichever is later, the default behavior will switch to always returning an ADFullerResult. Set result_object=True to switch now, or result_object=False to keep the current behavior and silence this warning.
  p1 = adfuller(spread_train[:h], autolag="AIC")[1]
/Users/ganzhengwei/Desktop/object/量化/test/mrarb/futures.py:761: FutureWarning: adfuller currently returns a plain tuple whose length depends on the store and autolag arguments. In release 0.16 or after July 2027, whichever is later, the default behavior will switch to always returning an ADFullerResult. Set result_object=True to switch now, or result_object=False to keep the current behavior and silence this warning.
  p2 = adfuller(spread_train[h:], autolag="AIC")[1]
/Users/ganzhengwei/Desktop/object/量化/test/mrarb/futures.py:760: FutureWarning: adfuller currently returns a plain tuple whose length depends on the store and autolag arguments. In release 0.16 or after July 2027, whichever is later, the default behavior will switch to always returning an ADFullerResult. Set result_object=True to switch now, or result_object=False to keep the current behavior and silence this warning.
  p1 = adfuller(spread_train[:h], autolag="AIC")[1]
/Users/ganzhengwei/Desktop/object/量化/test/mrarb/futures.py:761: FutureWarning: adfuller currently returns a plain tuple whose length depends on the store and autolag arguments. In release 0.16 or after July 2027, whichever is later, the default behavior will switch to always returning an ADFullerResult. Set result_object=True to switch now, or result_object=False to keep the current behavior and silence this warning.
  p2 = adfuller(spread_train[h:], autolag="AIC")[1]
/Users/ganzhengwei/Desktop/object/量化/test/mrarb/futures.py:760: FutureWarning: adfuller currently returns a plain tuple whose length depends on the store and autolag arguments. In release 0.16 or after July 2027, whichever is later, the default behavior will switch to always returning an ADFullerResult. Set result_object=True to switch now, or result_object=False to keep the current behavior and silence this warning.
  p1 = adfuller(spread_train[:h], autolag="AIC")[1]
/Users/ganzhengwei/Desktop/object/量化/test/mrarb/futures.py:761: FutureWarning: adfuller currently returns a plain tuple whose length depends on the store and autolag arguments. In release 0.16 or after July 2027, whichever is later, the default behavior will switch to always returning an ADFullerResult. Set result_object=True to switch now, or result_object=False to keep the current behavior and silence this warning.
  p2 = adfuller(spread_train[h:], autolag="AIC")[1]
/Users/ganzhengwei/Desktop/object/量化/test/mrarb/futures.py:760: FutureWarning: adfuller currently returns a plain tuple whose length depends on the store and autolag arguments. In release 0.16 or after July 2027, whichever is later, the default behavior will switch to always returning an ADFullerResult. Set result_object=True to switch now, or result_object=False to keep the current behavior and silence this warning.
  p1 = adfuller(spread_train[:h], autolag="AIC")[1]
/Users/ganzhengwei/Desktop/object/量化/test/mrarb/futures.py:761: FutureWarning: adfuller currently returns a plain tuple whose length depends on the store and autolag arguments. In release 0.16 or after July 2027, whichever is later, the default behavior will switch to always returning an ADFullerResult. Set result_object=True to switch now, or result_object=False to keep the current behavior and silence this warning.
  p2 = adfuller(spread_train[h:], autolag="AIC")[1]
/Users/ganzhengwei/Desktop/object/量化/test/mrarb/futures.py:760: FutureWarning: adfuller currently returns a plain tuple whose length depends on the store and autolag arguments. In release 0.16 or after July 2027, whichever is later, the default behavior will switch to always returning an ADFullerResult. Set result_object=True to switch now, or result_object=False to keep the current behavior and silence this warning.
  p1 = adfuller(spread_train[:h], autolag="AIC")[1]
/Users/ganzhengwei/Desktop/object/量化/test/mrarb/futures.py:761: FutureWarning: adfuller currently returns a plain tuple whose length depends on the store and autolag arguments. In release 0.16 or after July 2027, whichever is later, the default behavior will switch to always returning an ADFullerResult. Set result_object=True to switch now, or result_object=False to keep the current behavior and silence this warning.
  p2 = adfuller(spread_train[h:], autolag="AIC")[1]
/Users/ganzhengwei/Desktop/object/量化/test/mrarb/futures.py:760: FutureWarning: adfuller currently returns a plain tuple whose length depends on the store and autolag arguments. In release 0.16 or after July 2027, whichever is later, the default behavior will switch to always returning an ADFullerResult. Set result_object=True to switch now, or result_object=False to keep the current behavior and silence this warning.
  p1 = adfuller(spread_train[:h], autolag="AIC")[1]
/Users/ganzhengwei/Desktop/object/量化/test/mrarb/futures.py:761: FutureWarning: adfuller currently returns a plain tuple whose length depends on the store and autolag arguments. In release 0.16 or after July 2027, whichever is later, the default behavior will switch to always returning an ADFullerResult. Set result_object=True to switch now, or result_object=False to keep the current behavior and silence this warning.
  p2 = adfuller(spread_train[h:], autolag="AIC")[1]
/Users/ganzhengwei/Desktop/object/量化/test/mrarb/futures.py:760: FutureWarning: adfuller currently returns a plain tuple whose length depends on the store and autolag arguments. In release 0.16 or after July 2027, whichever is later, the default behavior will switch to always returning an ADFullerResult. Set result_object=True to switch now, or result_object=False to keep the current behavior and silence this warning.
  p1 = adfuller(spread_train[:h], autolag="AIC")[1]
/Users/ganzhengwei/Desktop/object/量化/test/mrarb/futures.py:761: FutureWarning: adfuller currently returns a plain tuple whose length depends on the store and autolag arguments. In release 0.16 or after July 2027, whichever is later, the default behavior will switch to always returning an ADFullerResult. Set result_object=True to switch now, or result_object=False to keep the current behavior and silence this warning.
  p2 = adfuller(spread_train[h:], autolag="AIC")[1]
/Users/ganzhengwei/Desktop/object/量化/test/mrarb/futures.py:760: FutureWarning: adfuller currently returns a plain tuple whose length depends on the store and autolag arguments. In release 0.16 or after July 2027, whichever is later, the default behavior will switch to always returning an ADFullerResult. Set result_object=True to switch now, or result_object=False to keep the current behavior and silence this warning.
  p1 = adfuller(spread_train[:h], autolag="AIC")[1]
/Users/ganzhengwei/Desktop/object/量化/test/mrarb/futures.py:761: FutureWarning: adfuller currently returns a plain tuple whose length depends on the store and autolag arguments. In release 0.16 or after July 2027, whichever is later, the default behavior will switch to always returning an ADFullerResult. Set result_object=True to switch now, or result_object=False to keep the current behavior and silence this warning.
  p2 = adfuller(spread_train[h:], autolag="AIC")[1]
/Users/ganzhengwei/Desktop/object/量化/test/mrarb/futures.py:760: FutureWarning: adfuller currently returns a plain tuple whose length depends on the store and autolag arguments. In release 0.16 or after July 2027, whichever is later, the default behavior will switch to always returning an ADFullerResult. Set result_object=True to switch now, or result_object=False to keep the current behavior and silence this warning.
  p1 = adfuller(spread_train[:h], autolag="AIC")[1]
/Users/ganzhengwei/Desktop/object/量化/test/mrarb/futures.py:761: FutureWarning: adfuller currently returns a plain tuple whose length depends on the store and autolag arguments. In release 0.16 or after July 2027, whichever is later, the default behavior will switch to always returning an ADFullerResult. Set result_object=True to switch now, or result_object=False to keep the current behavior and silence this warning.
  p2 = adfuller(spread_train[h:], autolag="AIC")[1]
/Users/ganzhengwei/Desktop/object/量化/test/mrarb/futures.py:760: FutureWarning: adfuller currently returns a plain tuple whose length depends on the store and autolag arguments. In release 0.16 or after July 2027, whichever is later, the default behavior will switch to always returning an ADFullerResult. Set result_object=True to switch now, or result_object=False to keep the current behavior and silence this warning.
  p1 = adfuller(spread_train[:h], autolag="AIC")[1]
/Users/ganzhengwei/Desktop/object/量化/test/mrarb/futures.py:761: FutureWarning: adfuller currently returns a plain tuple whose length depends on the store and autolag arguments. In release 0.16 or after July 2027, whichever is later, the default behavior will switch to always returning an ADFullerResult. Set result_object=True to switch now, or result_object=False to keep the current behavior and silence this warning.
  p2 = adfuller(spread_train[h:], autolag="AIC")[1]
/Users/ganzhengwei/Desktop/object/量化/test/mrarb/futures.py:760: FutureWarning: adfuller currently returns a plain tuple whose length depends on the store and autolag arguments. In release 0.16 or after July 2027, whichever is later, the default behavior will switch to always returning an ADFullerResult. Set result_object=True to switch now, or result_object=False to keep the current behavior and silence this warning.
  p1 = adfuller(spread_train[:h], autolag="AIC")[1]
/Users/ganzhengwei/Desktop/object/量化/test/mrarb/futures.py:761: FutureWarning: adfuller currently returns a plain tuple whose length depends on the store and autolag arguments. In release 0.16 or after July 2027, whichever is later, the default behavior will switch to always returning an ADFullerResult. Set result_object=True to switch now, or result_object=False to keep the current behavior and silence this warning.
  p2 = adfuller(spread_train[h:], autolag="AIC")[1]
/Users/ganzhengwei/Desktop/object/量化/test/mrarb/futures.py:760: FutureWarning: adfuller currently returns a plain tuple whose length depends on the store and autolag arguments. In release 0.16 or after July 2027, whichever is later, the default behavior will switch to always returning an ADFullerResult. Set result_object=True to switch now, or result_object=False to keep the current behavior and silence this warning.
  p1 = adfuller(spread_train[:h], autolag="AIC")[1]
/Users/ganzhengwei/Desktop/object/量化/test/mrarb/futures.py:761: FutureWarning: adfuller currently returns a plain tuple whose length depends on the store and autolag arguments. In release 0.16 or after July 2027, whichever is later, the default behavior will switch to always returning an ADFullerResult. Set result_object=True to switch now, or result_object=False to keep the current behavior and silence this warning.
  p2 = adfuller(spread_train[h:], autolag="AIC")[1]

--- Walk-forward: 5 折叠 (train 375 天, test 125 天, 步长 116) | 数据源 fuyao | book=calendar ---
  fold 1: train[0,375) test[375,500) slots=1
/Users/ganzhengwei/Desktop/object/量化/test/mrarb/futures.py:549: RuntimeWarning: All-NaN axis encountered
  return float(np.nanmin([_leg_avg_vol(u, c, _leg(u, c, r)[0], tr)
/Users/ganzhengwei/Desktop/object/量化/test/mrarb/futures.py:687: FutureWarning: adfuller currently returns a plain tuple whose length depends on the store and autolag arguments. In release 0.16 or after July 2027, whichever is later, the default behavior will switch to always returning an ADFullerResult. Set result_object=True to switch now, or result_object=False to keep the current behavior and silence this warning.
  p = adfuller(y - Xs[0], autolag="AIC")[1]
/Users/ganzhengwei/Desktop/object/量化/test/mrarb/futures.py:760: FutureWarning: adfuller currently returns a plain tuple whose length depends on the store and autolag arguments. In release 0.16 or after July 2027, whichever is later, the default behavior will switch to always returning an ADFullerResult. Set result_object=True to switch now, or result_object=False to keep the current behavior and silence this warning.
  p1 = adfuller(spread_train[:h], autolag="AIC")[1]
/Users/ganzhengwei/Desktop/object/量化/test/mrarb/futures.py:761: FutureWarning: adfuller currently returns a plain tuple whose length depends on the store and autolag arguments. In release 0.16 or after July 2027, whichever is later, the default behavior will switch to always returning an ADFullerResult. Set result_object=True to switch now, or result_object=False to keep the current behavior and silence this warning.
  p2 = adfuller(spread_train[h:], autolag="AIC")[1]
/Users/ganzhengwei/Desktop/object/量化/test/mrarb/futures.py:687: FutureWarning: adfuller currently returns a plain tuple whose length depends on the store and autolag arguments. In release 0.16 or after July 2027, whichever is later, the default behavior will switch to always returning an ADFullerResult. Set result_object=True to switch now, or result_object=False to keep the current behavior and silence this warning.
  p = adfuller(y - Xs[0], autolag="AIC")[1]
/Users/ganzhengwei/Desktop/object/量化/test/mrarb/futures.py:760: FutureWarning: adfuller currently returns a plain tuple whose length depends on the store and autolag arguments. In release 0.16 or after July 2027, whichever is later, the default behavior will switch to always returning an ADFullerResult. Set result_object=True to switch now, or result_object=False to keep the current behavior and silence this warning.
  p1 = adfuller(spread_train[:h], autolag="AIC")[1]
/Users/ganzhengwei/Desktop/object/量化/test/mrarb/futures.py:761: FutureWarning: adfuller currently returns a plain tuple whose length depends on the store and autolag arguments. In release 0.16 or after July 2027, whichever is later, the default behavior will switch to always returning an ADFullerResult. Set result_object=True to switch now, or result_object=False to keep the current behavior and silence this warning.
  p2 = adfuller(spread_train[h:], autolag="AIC")[1]
/Users/ganzhengwei/Desktop/object/量化/test/mrarb/futures.py:687: FutureWarning: adfuller currently returns a plain tuple whose length depends on the store and autolag arguments. In release 0.16 or after July 2027, whichever is later, the default behavior will switch to always returning an ADFullerResult. Set result_object=True to switch now, or result_object=False to keep the current behavior and silence this warning.
  p = adfuller(y - Xs[0], autolag="AIC")[1]
/Users/ganzhengwei/Desktop/object/量化/test/mrarb/futures.py:760: FutureWarning: adfuller currently returns a plain tuple whose length depends on the store and autolag arguments. In release 0.16 or after July 2027, whichever is later, the default behavior will switch to always returning an ADFullerResult. Set result_object=True to switch now, or result_object=False to keep the current behavior and silence this warning.
  p1 = adfuller(spread_train[:h], autolag="AIC")[1]
/Users/ganzhengwei/Desktop/object/量化/test/mrarb/futures.py:761: FutureWarning: adfuller currently returns a plain tuple whose length depends on the store and autolag arguments. In release 0.16 or after July 2027, whichever is later, the default behavior will switch to always returning an ADFullerResult. Set result_object=True to switch now, or result_object=False to keep the current behavior and silence this warning.
  p2 = adfuller(spread_train[h:], autolag="AIC")[1]
/Users/ganzhengwei/Desktop/object/量化/test/mrarb/futures.py:687: FutureWarning: adfuller currently returns a plain tuple whose length depends on the store and autolag arguments. In release 0.16 or after July 2027, whichever is later, the default behavior will switch to always returning an ADFullerResult. Set result_object=True to switch now, or result_object=False to keep the current behavior and silence this warning.
  p = adfuller(y - Xs[0], autolag="AIC")[1]
/Users/ganzhengwei/Desktop/object/量化/test/mrarb/futures.py:760: FutureWarning: adfuller currently returns a plain tuple whose length depends on the store and autolag arguments. In release 0.16 or after July 2027, whichever is later, the default behavior will switch to always returning an ADFullerResult. Set result_object=True to switch now, or result_object=False to keep the current behavior and silence this warning.
  p1 = adfuller(spread_train[:h], autolag="AIC")[1]
/Users/ganzhengwei/Desktop/object/量化/test/mrarb/futures.py:761: FutureWarning: adfuller currently returns a plain tuple whose length depends on the store and autolag arguments. In release 0.16 or after July 2027, whichever is later, the default behavior will switch to always returning an ADFullerResult. Set result_object=True to switch now, or result_object=False to keep the current behavior and silence this warning.
  p2 = adfuller(spread_train[h:], autolag="AIC")[1]
/Users/ganzhengwei/Desktop/object/量化/test/mrarb/futures.py:687: FutureWarning: adfuller currently returns a plain tuple whose length depends on the store and autolag arguments. In release 0.16 or after July 2027, whichever is later, the default behavior will switch to always returning an ADFullerResult. Set result_object=True to switch now, or result_object=False to keep the current behavior and silence this warning.
  p = adfuller(y - Xs[0], autolag="AIC")[1]
/Users/ganzhengwei/Desktop/object/量化/test/mrarb/futures.py:760: FutureWarning: adfuller currently returns a plain tuple whose length depends on the store and autolag arguments. In release 0.16 or after July 2027, whichever is later, the default behavior will switch to always returning an ADFullerResult. Set result_object=True to switch now, or result_object=False to keep the current behavior and silence this warning.
  p1 = adfuller(spread_train[:h], autolag="AIC")[1]
/Users/ganzhengwei/Desktop/object/量化/test/mrarb/futures.py:761: FutureWarning: adfuller currently returns a plain tuple whose length depends on the store and autolag arguments. In release 0.16 or after July 2027, whichever is later, the default behavior will switch to always returning an ADFullerResult. Set result_object=True to switch now, or result_object=False to keep the current behavior and silence this warning.
  p2 = adfuller(spread_train[h:], autolag="AIC")[1]
/Users/ganzhengwei/Desktop/object/量化/test/mrarb/futures.py:687: FutureWarning: adfuller currently returns a plain tuple whose length depends on the store and autolag arguments. In release 0.16 or after July 2027, whichever is later, the default behavior will switch to always returning an ADFullerResult. Set result_object=True to switch now, or result_object=False to keep the current behavior and silence this warning.
  p = adfuller(y - Xs[0], autolag="AIC")[1]
/Users/ganzhengwei/Desktop/object/量化/test/mrarb/futures.py:760: FutureWarning: adfuller currently returns a plain tuple whose length depends on the store and autolag arguments. In release 0.16 or after July 2027, whichever is later, the default behavior will switch to always returning an ADFullerResult. Set result_object=True to switch now, or result_object=False to keep the current behavior and silence this warning.
  p1 = adfuller(spread_train[:h], autolag="AIC")[1]
/Users/ganzhengwei/Desktop/object/量化/test/mrarb/futures.py:761: FutureWarning: adfuller currently returns a plain tuple whose length depends on the store and autolag arguments. In release 0.16 or after July 2027, whichever is later, the default behavior will switch to always returning an ADFullerResult. Set result_object=True to switch now, or result_object=False to keep the current behavior and silence this warning.
  p2 = adfuller(spread_train[h:], autolag="AIC")[1]
/Users/ganzhengwei/Desktop/object/量化/test/mrarb/futures.py:687: FutureWarning: adfuller currently returns a plain tuple whose length depends on the store and autolag arguments. In release 0.16 or after July 2027, whichever is later, the default behavior will switch to always returning an ADFullerResult. Set result_object=True to switch now, or result_object=False to keep the current behavior and silence this warning.
  p = adfuller(y - Xs[0], autolag="AIC")[1]
/Users/ganzhengwei/Desktop/object/量化/test/mrarb/futures.py:760: FutureWarning: adfuller currently returns a plain tuple whose length depends on the store and autolag arguments. In release 0.16 or after July 2027, whichever is later, the default behavior will switch to always returning an ADFullerResult. Set result_object=True to switch now, or result_object=False to keep the current behavior and silence this warning.
  p1 = adfuller(spread_train[:h], autolag="AIC")[1]
/Users/ganzhengwei/Desktop/object/量化/test/mrarb/futures.py:761: FutureWarning: adfuller currently returns a plain tuple whose length depends on the store and autolag arguments. In release 0.16 or after July 2027, whichever is later, the default behavior will switch to always returning an ADFullerResult. Set result_object=True to switch now, or result_object=False to keep the current behavior and silence this warning.
  p2 = adfuller(spread_train[h:], autolag="AIC")[1]
/Users/ganzhengwei/Desktop/object/量化/test/mrarb/futures.py:687: FutureWarning: adfuller currently returns a plain tuple whose length depends on the store and autolag arguments. In release 0.16 or after July 2027, whichever is later, the default behavior will switch to always returning an ADFullerResult. Set result_object=True to switch now, or result_object=False to keep the current behavior and silence this warning.
  p = adfuller(y - Xs[0], autolag="AIC")[1]
/Users/ganzhengwei/Desktop/object/量化/test/mrarb/futures.py:760: FutureWarning: adfuller currently returns a plain tuple whose length depends on the store and autolag arguments. In release 0.16 or after July 2027, whichever is later, the default behavior will switch to always returning an ADFullerResult. Set result_object=True to switch now, or result_object=False to keep the current behavior and silence this warning.
  p1 = adfuller(spread_train[:h], autolag="AIC")[1]
/Users/ganzhengwei/Desktop/object/量化/test/mrarb/futures.py:761: FutureWarning: adfuller currently returns a plain tuple whose length depends on the store and autolag arguments. In release 0.16 or after July 2027, whichever is later, the default behavior will switch to always returning an ADFullerResult. Set result_object=True to switch now, or result_object=False to keep the current behavior and silence this warning.
  p2 = adfuller(spread_train[h:], autolag="AIC")[1]
/Users/ganzhengwei/Desktop/object/量化/test/mrarb/futures.py:687: FutureWarning: adfuller currently returns a plain tuple whose length depends on the store and autolag arguments. In release 0.16 or after July 2027, whichever is later, the default behavior will switch to always returning an ADFullerResult. Set result_object=True to switch now, or result_object=False to keep the current behavior and silence this warning.
  p = adfuller(y - Xs[0], autolag="AIC")[1]
/Users/ganzhengwei/Desktop/object/量化/test/mrarb/futures.py:760: FutureWarning: adfuller currently returns a plain tuple whose length depends on the store and autolag arguments. In release 0.16 or after July 2027, whichever is later, the default behavior will switch to always returning an ADFullerResult. Set result_object=True to switch now, or result_object=False to keep the current behavior and silence this warning.
  p1 = adfuller(spread_train[:h], autolag="AIC")[1]
/Users/ganzhengwei/Desktop/object/量化/test/mrarb/futures.py:761: FutureWarning: adfuller currently returns a plain tuple whose length depends on the store and autolag arguments. In release 0.16 or after July 2027, whichever is later, the default behavior will switch to always returning an ADFullerResult. Set result_object=True to switch now, or result_object=False to keep the current behavior and silence this warning.
  p2 = adfuller(spread_train[h:], autolag="AIC")[1]
/Users/ganzhengwei/Desktop/object/量化/test/mrarb/futures.py:687: FutureWarning: adfuller currently returns a plain tuple whose length depends on the store and autolag arguments. In release 0.16 or after July 2027, whichever is later, the default behavior will switch to always returning an ADFullerResult. Set result_object=True to switch now, or result_object=False to keep the current behavior and silence this warning.
  p = adfuller(y - Xs[0], autolag="AIC")[1]
/Users/ganzhengwei/Desktop/object/量化/test/mrarb/futures.py:760: FutureWarning: adfuller currently returns a plain tuple whose length depends on the store and autolag arguments. In release 0.16 or after July 2027, whichever is later, the default behavior will switch to always returning an ADFullerResult. Set result_object=True to switch now, or result_object=False to keep the current behavior and silence this warning.
  p1 = adfuller(spread_train[:h], autolag="AIC")[1]
/Users/ganzhengwei/Desktop/object/量化/test/mrarb/futures.py:761: FutureWarning: adfuller currently returns a plain tuple whose length depends on the store and autolag arguments. In release 0.16 or after July 2027, whichever is later, the default behavior will switch to always returning an ADFullerResult. Set result_object=True to switch now, or result_object=False to keep the current behavior and silence this warning.
  p2 = adfuller(spread_train[h:], autolag="AIC")[1]
/Users/ganzhengwei/Desktop/object/量化/test/mrarb/futures.py:687: FutureWarning: adfuller currently returns a plain tuple whose length depends on the store and autolag arguments. In release 0.16 or after July 2027, whichever is later, the default behavior will switch to always returning an ADFullerResult. Set result_object=True to switch now, or result_object=False to keep the current behavior and silence this warning.
  p = adfuller(y - Xs[0], autolag="AIC")[1]
/Users/ganzhengwei/Desktop/object/量化/test/mrarb/futures.py:760: FutureWarning: adfuller currently returns a plain tuple whose length depends on the store and autolag arguments. In release 0.16 or after July 2027, whichever is later, the default behavior will switch to always returning an ADFullerResult. Set result_object=True to switch now, or result_object=False to keep the current behavior and silence this warning.
  p1 = adfuller(spread_train[:h], autolag="AIC")[1]
/Users/ganzhengwei/Desktop/object/量化/test/mrarb/futures.py:761: FutureWarning: adfuller currently returns a plain tuple whose length depends on the store and autolag arguments. In release 0.16 or after July 2027, whichever is later, the default behavior will switch to always returning an ADFullerResult. Set result_object=True to switch now, or result_object=False to keep the current behavior and silence this warning.
  p2 = adfuller(spread_train[h:], autolag="AIC")[1]
/Users/ganzhengwei/Desktop/object/量化/test/mrarb/futures.py:687: FutureWarning: adfuller currently returns a plain tuple whose length depends on the store and autolag arguments. In release 0.16 or after July 2027, whichever is later, the default behavior will switch to always returning an ADFullerResult. Set result_object=True to switch now, or result_object=False to keep the current behavior and silence this warning.
  p = adfuller(y - Xs[0], autolag="AIC")[1]
/Users/ganzhengwei/Desktop/object/量化/test/mrarb/futures.py:760: FutureWarning: adfuller currently returns a plain tuple whose length depends on the store and autolag arguments. In release 0.16 or after July 2027, whichever is later, the default behavior will switch to always returning an ADFullerResult. Set result_object=True to switch now, or result_object=False to keep the current behavior and silence this warning.
  p1 = adfuller(spread_train[:h], autolag="AIC")[1]
/Users/ganzhengwei/Desktop/object/量化/test/mrarb/futures.py:761: FutureWarning: adfuller currently returns a plain tuple whose length depends on the store and autolag arguments. In release 0.16 or after July 2027, whichever is later, the default behavior will switch to always returning an ADFullerResult. Set result_object=True to switch now, or result_object=False to keep the current behavior and silence this warning.
  p2 = adfuller(spread_train[h:], autolag="AIC")[1]
/Users/ganzhengwei/Desktop/object/量化/test/mrarb/futures.py:687: FutureWarning: adfuller currently returns a plain tuple whose length depends on the store and autolag arguments. In release 0.16 or after July 2027, whichever is later, the default behavior will switch to always returning an ADFullerResult. Set result_object=True to switch now, or result_object=False to keep the current behavior and silence this warning.
  p = adfuller(y - Xs[0], autolag="AIC")[1]
/Users/ganzhengwei/Desktop/object/量化/test/mrarb/futures.py:760: FutureWarning: adfuller currently returns a plain tuple whose length depends on the store and autolag arguments. In release 0.16 or after July 2027, whichever is later, the default behavior will switch to always returning an ADFullerResult. Set result_object=True to switch now, or result_object=False to keep the current behavior and silence this warning.
  p1 = adfuller(spread_train[:h], autolag="AIC")[1]
/Users/ganzhengwei/Desktop/object/量化/test/mrarb/futures.py:761: FutureWarning: adfuller currently returns a plain tuple whose length depends on the store and autolag arguments. In release 0.16 or after July 2027, whichever is later, the default behavior will switch to always returning an ADFullerResult. Set result_object=True to switch now, or result_object=False to keep the current behavior and silence this warning.
  p2 = adfuller(spread_train[h:], autolag="AIC")[1]
/Users/ganzhengwei/Desktop/object/量化/test/mrarb/futures.py:687: FutureWarning: adfuller currently returns a plain tuple whose length depends on the store and autolag arguments. In release 0.16 or after July 2027, whichever is later, the default behavior will switch to always returning an ADFullerResult. Set result_object=True to switch now, or result_object=False to keep the current behavior and silence this warning.
  p = adfuller(y - Xs[0], autolag="AIC")[1]
/Users/ganzhengwei/Desktop/object/量化/test/mrarb/futures.py:760: FutureWarning: adfuller currently returns a plain tuple whose length depends on the store and autolag arguments. In release 0.16 or after July 2027, whichever is later, the default behavior will switch to always returning an ADFullerResult. Set result_object=True to switch now, or result_object=False to keep the current behavior and silence this warning.
  p1 = adfuller(spread_train[:h], autolag="AIC")[1]
/Users/ganzhengwei/Desktop/object/量化/test/mrarb/futures.py:761: FutureWarning: adfuller currently returns a plain tuple whose length depends on the store and autolag arguments. In release 0.16 or after July 2027, whichever is later, the default behavior will switch to always returning an ADFullerResult. Set result_object=True to switch now, or result_object=False to keep the current behavior and silence this warning.
  p2 = adfuller(spread_train[h:], autolag="AIC")[1]
/Users/ganzhengwei/Desktop/object/量化/test/mrarb/futures.py:687: FutureWarning: adfuller currently returns a plain tuple whose length depends on the store and autolag arguments. In release 0.16 or after July 2027, whichever is later, the default behavior will switch to always returning an ADFullerResult. Set result_object=True to switch now, or result_object=False to keep the current behavior and silence this warning.
  p = adfuller(y - Xs[0], autolag="AIC")[1]
/Users/ganzhengwei/Desktop/object/量化/test/mrarb/futures.py:760: FutureWarning: adfuller currently returns a plain tuple whose length depends on the store and autolag arguments. In release 0.16 or after July 2027, whichever is later, the default behavior will switch to always returning an ADFullerResult. Set result_object=True to switch now, or result_object=False to keep the current behavior and silence this warning.
  p1 = adfuller(spread_train[:h], autolag="AIC")[1]
/Users/ganzhengwei/Desktop/object/量化/test/mrarb/futures.py:761: FutureWarning: adfuller currently returns a plain tuple whose length depends on the store and autolag arguments. In release 0.16 or after July 2027, whichever is later, the default behavior will switch to always returning an ADFullerResult. Set result_object=True to switch now, or result_object=False to keep the current behavior and silence this warning.
  p2 = adfuller(spread_train[h:], autolag="AIC")[1]
/Users/ganzhengwei/Desktop/object/量化/test/mrarb/futures.py:760: FutureWarning: adfuller currently returns a plain tuple whose length depends on the store and autolag arguments. In release 0.16 or after July 2027, whichever is later, the default behavior will switch to always returning an ADFullerResult. Set result_object=True to switch now, or result_object=False to keep the current behavior and silence this warning.
  p1 = adfuller(spread_train[:h], autolag="AIC")[1]
/Users/ganzhengwei/Desktop/object/量化/test/mrarb/futures.py:761: FutureWarning: adfuller currently returns a plain tuple whose length depends on the store and autolag arguments. In release 0.16 or after July 2027, whichever is later, the default behavior will switch to always returning an ADFullerResult. Set result_object=True to switch now, or result_object=False to keep the current behavior and silence this warning.
  p2 = adfuller(spread_train[h:], autolag="AIC")[1]
/Users/ganzhengwei/Desktop/object/量化/test/mrarb/futures.py:760: FutureWarning: adfuller currently returns a plain tuple whose length depends on the store and autolag arguments. In release 0.16 or after July 2027, whichever is later, the default behavior will switch to always returning an ADFullerResult. Set result_object=True to switch now, or result_object=False to keep the current behavior and silence this warning.
  p1 = adfuller(spread_train[:h], autolag="AIC")[1]
/Users/ganzhengwei/Desktop/object/量化/test/mrarb/futures.py:761: FutureWarning: adfuller currently returns a plain tuple whose length depends on the store and autolag arguments. In release 0.16 or after July 2027, whichever is later, the default behavior will switch to always returning an ADFullerResult. Set result_object=True to switch now, or result_object=False to keep the current behavior and silence this warning.
  p2 = adfuller(spread_train[h:], autolag="AIC")[1]
/Users/ganzhengwei/Desktop/object/量化/test/mrarb/futures.py:760: FutureWarning: adfuller currently returns a plain tuple whose length depends on the store and autolag arguments. In release 0.16 or after July 2027, whichever is later, the default behavior will switch to always returning an ADFullerResult. Set result_object=True to switch now, or result_object=False to keep the current behavior and silence this warning.
  p1 = adfuller(spread_train[:h], autolag="AIC")[1]
/Users/ganzhengwei/Desktop/object/量化/test/mrarb/futures.py:761: FutureWarning: adfuller currently returns a plain tuple whose length depends on the store and autolag arguments. In release 0.16 or after July 2027, whichever is later, the default behavior will switch to always returning an ADFullerResult. Set result_object=True to switch now, or result_object=False to keep the current behavior and silence this warning.
  p2 = adfuller(spread_train[h:], autolag="AIC")[1]
/Users/ganzhengwei/Desktop/object/量化/test/mrarb/futures.py:760: FutureWarning: adfuller currently returns a plain tuple whose length depends on the store and autolag arguments. In release 0.16 or after July 2027, whichever is later, the default behavior will switch to always returning an ADFullerResult. Set result_object=True to switch now, or result_object=False to keep the current behavior and silence this warning.
  p1 = adfuller(spread_train[:h], autolag="AIC")[1]
/Users/ganzhengwei/Desktop/object/量化/test/mrarb/futures.py:761: FutureWarning: adfuller currently returns a plain tuple whose length depends on the store and autolag arguments. In release 0.16 or after July 2027, whichever is later, the default behavior will switch to always returning an ADFullerResult. Set result_object=True to switch now, or result_object=False to keep the current behavior and silence this warning.
  p2 = adfuller(spread_train[h:], autolag="AIC")[1]
/Users/ganzhengwei/Desktop/object/量化/test/mrarb/futures.py:760: FutureWarning: adfuller currently returns a plain tuple whose length depends on the store and autolag arguments. In release 0.16 or after July 2027, whichever is later, the default behavior will switch to always returning an ADFullerResult. Set result_object=True to switch now, or result_object=False to keep the current behavior and silence this warning.
  p1 = adfuller(spread_train[:h], autolag="AIC")[1]
/Users/ganzhengwei/Desktop/object/量化/test/mrarb/futures.py:761: FutureWarning: adfuller currently returns a plain tuple whose length depends on the store and autolag arguments. In release 0.16 or after July 2027, whichever is later, the default behavior will switch to always returning an ADFullerResult. Set result_object=True to switch now, or result_object=False to keep the current behavior and silence this warning.
  p2 = adfuller(spread_train[h:], autolag="AIC")[1]
/Users/ganzhengwei/Desktop/object/量化/test/mrarb/futures.py:760: FutureWarning: adfuller currently returns a plain tuple whose length depends on the store and autolag arguments. In release 0.16 or after July 2027, whichever is later, the default behavior will switch to always returning an ADFullerResult. Set result_object=True to switch now, or result_object=False to keep the current behavior and silence this warning.
  p1 = adfuller(spread_train[:h], autolag="AIC")[1]
/Users/ganzhengwei/Desktop/object/量化/test/mrarb/futures.py:761: FutureWarning: adfuller currently returns a plain tuple whose length depends on the store and autolag arguments. In release 0.16 or after July 2027, whichever is later, the default behavior will switch to always returning an ADFullerResult. Set result_object=True to switch now, or result_object=False to keep the current behavior and silence this warning.
  p2 = adfuller(spread_train[h:], autolag="AIC")[1]
/Users/ganzhengwei/Desktop/object/量化/test/mrarb/futures.py:760: FutureWarning: adfuller currently returns a plain tuple whose length depends on the store and autolag arguments. In release 0.16 or after July 2027, whichever is later, the default behavior will switch to always returning an ADFullerResult. Set result_object=True to switch now, or result_object=False to keep the current behavior and silence this warning.
  p1 = adfuller(spread_train[:h], autolag="AIC")[1]
/Users/ganzhengwei/Desktop/object/量化/test/mrarb/futures.py:761: FutureWarning: adfuller currently returns a plain tuple whose length depends on the store and autolag arguments. In release 0.16 or after July 2027, whichever is later, the default behavior will switch to always returning an ADFullerResult. Set result_object=True to switch now, or result_object=False to keep the current behavior and silence this warning.
  p2 = adfuller(spread_train[h:], autolag="AIC")[1]
/Users/ganzhengwei/Desktop/object/量化/test/mrarb/futures.py:760: FutureWarning: adfuller currently returns a plain tuple whose length depends on the store and autolag arguments. In release 0.16 or after July 2027, whichever is later, the default behavior will switch to always returning an ADFullerResult. Set result_object=True to switch now, or result_object=False to keep the current behavior and silence this warning.
  p1 = adfuller(spread_train[:h], autolag="AIC")[1]
/Users/ganzhengwei/Desktop/object/量化/test/mrarb/futures.py:761: FutureWarning: adfuller currently returns a plain tuple whose length depends on the store and autolag arguments. In release 0.16 or after July 2027, whichever is later, the default behavior will switch to always returning an ADFullerResult. Set result_object=True to switch now, or result_object=False to keep the current behavior and silence this warning.
  p2 = adfuller(spread_train[h:], autolag="AIC")[1]
/Users/ganzhengwei/Desktop/object/量化/test/mrarb/futures.py:760: FutureWarning: adfuller currently returns a plain tuple whose length depends on the store and autolag arguments. In release 0.16 or after July 2027, whichever is later, the default behavior will switch to always returning an ADFullerResult. Set result_object=True to switch now, or result_object=False to keep the current behavior and silence this warning.
  p1 = adfuller(spread_train[:h], autolag="AIC")[1]
/Users/ganzhengwei/Desktop/object/量化/test/mrarb/futures.py:761: FutureWarning: adfuller currently returns a plain tuple whose length depends on the store and autolag arguments. In release 0.16 or after July 2027, whichever is later, the default behavior will switch to always returning an ADFullerResult. Set result_object=True to switch now, or result_object=False to keep the current behavior and silence this warning.
  p2 = adfuller(spread_train[h:], autolag="AIC")[1]
/Users/ganzhengwei/Desktop/object/量化/test/mrarb/futures.py:760: FutureWarning: adfuller currently returns a plain tuple whose length depends on the store and autolag arguments. In release 0.16 or after July 2027, whichever is later, the default behavior will switch to always returning an ADFullerResult. Set result_object=True to switch now, or result_object=False to keep the current behavior and silence this warning.
  p1 = adfuller(spread_train[:h], autolag="AIC")[1]
/Users/ganzhengwei/Desktop/object/量化/test/mrarb/futures.py:761: FutureWarning: adfuller currently returns a plain tuple whose length depends on the store and autolag arguments. In release 0.16 or after July 2027, whichever is later, the default behavior will switch to always returning an ADFullerResult. Set result_object=True to switch now, or result_object=False to keep the current behavior and silence this warning.
  p2 = adfuller(spread_train[h:], autolag="AIC")[1]
/Users/ganzhengwei/Desktop/object/量化/test/mrarb/futures.py:760: FutureWarning: adfuller currently returns a plain tuple whose length depends on the store and autolag arguments. In release 0.16 or after July 2027, whichever is later, the default behavior will switch to always returning an ADFullerResult. Set result_object=True to switch now, or result_object=False to keep the current behavior and silence this warning.
  p1 = adfuller(spread_train[:h], autolag="AIC")[1]
/Users/ganzhengwei/Desktop/object/量化/test/mrarb/futures.py:761: FutureWarning: adfuller currently returns a plain tuple whose length depends on the store and autolag arguments. In release 0.16 or after July 2027, whichever is later, the default behavior will switch to always returning an ADFullerResult. Set result_object=True to switch now, or result_object=False to keep the current behavior and silence this warning.
  p2 = adfuller(spread_train[h:], autolag="AIC")[1]
/Users/ganzhengwei/Desktop/object/量化/test/mrarb/futures.py:760: FutureWarning: adfuller currently returns a plain tuple whose length depends on the store and autolag arguments. In release 0.16 or after July 2027, whichever is later, the default behavior will switch to always returning an ADFullerResult. Set result_object=True to switch now, or result_object=False to keep the current behavior and silence this warning.
  p1 = adfuller(spread_train[:h], autolag="AIC")[1]
/Users/ganzhengwei/Desktop/object/量化/test/mrarb/futures.py:761: FutureWarning: adfuller currently returns a plain tuple whose length depends on the store and autolag arguments. In release 0.16 or after July 2027, whichever is later, the default behavior will switch to always returning an ADFullerResult. Set result_object=True to switch now, or result_object=False to keep the current behavior and silence this warning.
  p2 = adfuller(spread_train[h:], autolag="AIC")[1]
/Users/ganzhengwei/Desktop/object/量化/test/mrarb/futures.py:760: FutureWarning: adfuller currently returns a plain tuple whose length depends on the store and autolag arguments. In release 0.16 or after July 2027, whichever is later, the default behavior will switch to always returning an ADFullerResult. Set result_object=True to switch now, or result_object=False to keep the current behavior and silence this warning.
  p1 = adfuller(spread_train[:h], autolag="AIC")[1]
/Users/ganzhengwei/Desktop/object/量化/test/mrarb/futures.py:761: FutureWarning: adfuller currently returns a plain tuple whose length depends on the store and autolag arguments. In release 0.16 or after July 2027, whichever is later, the default behavior will switch to always returning an ADFullerResult. Set result_object=True to switch now, or result_object=False to keep the current behavior and silence this warning.
  p2 = adfuller(spread_train[h:], autolag="AIC")[1]
/Users/ganzhengwei/Desktop/object/量化/test/mrarb/futures.py:760: FutureWarning: adfuller currently returns a plain tuple whose length depends on the store and autolag arguments. In release 0.16 or after July 2027, whichever is later, the default behavior will switch to always returning an ADFullerResult. Set result_object=True to switch now, or result_object=False to keep the current behavior and silence this warning.
  p1 = adfuller(spread_train[:h], autolag="AIC")[1]
/Users/ganzhengwei/Desktop/object/量化/test/mrarb/futures.py:761: FutureWarning: adfuller currently returns a plain tuple whose length depends on the store and autolag arguments. In release 0.16 or after July 2027, whichever is later, the default behavior will switch to always returning an ADFullerResult. Set result_object=True to switch now, or result_object=False to keep the current behavior and silence this warning.
  p2 = adfuller(spread_train[h:], autolag="AIC")[1]
/Users/ganzhengwei/Desktop/object/量化/test/mrarb/futures.py:760: FutureWarning: adfuller currently returns a plain tuple whose length depends on the store and autolag arguments. In release 0.16 or after July 2027, whichever is later, the default behavior will switch to always returning an ADFullerResult. Set result_object=True to switch now, or result_object=False to keep the current behavior and silence this warning.
  p1 = adfuller(spread_train[:h], autolag="AIC")[1]
/Users/ganzhengwei/Desktop/object/量化/test/mrarb/futures.py:761: FutureWarning: adfuller currently returns a plain tuple whose length depends on the store and autolag arguments. In release 0.16 or after July 2027, whichever is later, the default behavior will switch to always returning an ADFullerResult. Set result_object=True to switch now, or result_object=False to keep the current behavior and silence this warning.
  p2 = adfuller(spread_train[h:], autolag="AIC")[1]
/Users/ganzhengwei/Desktop/object/量化/test/mrarb/futures.py:760: FutureWarning: adfuller currently returns a plain tuple whose length depends on the store and autolag arguments. In release 0.16 or after July 2027, whichever is later, the default behavior will switch to always returning an ADFullerResult. Set result_object=True to switch now, or result_object=False to keep the current behavior and silence this warning.
  p1 = adfuller(spread_train[:h], autolag="AIC")[1]
/Users/ganzhengwei/Desktop/object/量化/test/mrarb/futures.py:761: FutureWarning: adfuller currently returns a plain tuple whose length depends on the store and autolag arguments. In release 0.16 or after July 2027, whichever is later, the default behavior will switch to always returning an ADFullerResult. Set result_object=True to switch now, or result_object=False to keep the current behavior and silence this warning.
  p2 = adfuller(spread_train[h:], autolag="AIC")[1]
/Users/ganzhengwei/Desktop/object/量化/test/mrarb/futures.py:760: FutureWarning: adfuller currently returns a plain tuple whose length depends on the store and autolag arguments. In release 0.16 or after July 2027, whichever is later, the default behavior will switch to always returning an ADFullerResult. Set result_object=True to switch now, or result_object=False to keep the current behavior and silence this warning.
  p1 = adfuller(spread_train[:h], autolag="AIC")[1]
/Users/ganzhengwei/Desktop/object/量化/test/mrarb/futures.py:761: FutureWarning: adfuller currently returns a plain tuple whose length depends on the store and autolag arguments. In release 0.16 or after July 2027, whichever is later, the default behavior will switch to always returning an ADFullerResult. Set result_object=True to switch now, or result_object=False to keep the current behavior and silence this warning.
  p2 = adfuller(spread_train[h:], autolag="AIC")[1]
/Users/ganzhengwei/Desktop/object/量化/test/mrarb/futures.py:760: FutureWarning: adfuller currently returns a plain tuple whose length depends on the store and autolag arguments. In release 0.16 or after July 2027, whichever is later, the default behavior will switch to always returning an ADFullerResult. Set result_object=True to switch now, or result_object=False to keep the current behavior and silence this warning.
  p1 = adfuller(spread_train[:h], autolag="AIC")[1]
/Users/ganzhengwei/Desktop/object/量化/test/mrarb/futures.py:761: FutureWarning: adfuller currently returns a plain tuple whose length depends on the store and autolag arguments. In release 0.16 or after July 2027, whichever is later, the default behavior will switch to always returning an ADFullerResult. Set result_object=True to switch now, or result_object=False to keep the current behavior and silence this warning.
  p2 = adfuller(spread_train[h:], autolag="AIC")[1]
/Users/ganzhengwei/Desktop/object/量化/test/mrarb/futures.py:760: FutureWarning: adfuller currently returns a plain tuple whose length depends on the store and autolag arguments. In release 0.16 or after July 2027, whichever is later, the default behavior will switch to always returning an ADFullerResult. Set result_object=True to switch now, or result_object=False to keep the current behavior and silence this warning.
  p1 = adfuller(spread_train[:h], autolag="AIC")[1]
/Users/ganzhengwei/Desktop/object/量化/test/mrarb/futures.py:761: FutureWarning: adfuller currently returns a plain tuple whose length depends on the store and autolag arguments. In release 0.16 or after July 2027, whichever is later, the default behavior will switch to always returning an ADFullerResult. Set result_object=True to switch now, or result_object=False to keep the current behavior and silence this warning.
  p2 = adfuller(spread_train[h:], autolag="AIC")[1]
/Users/ganzhengwei/Desktop/object/量化/test/mrarb/futures.py:760: FutureWarning: adfuller currently returns a plain tuple whose length depends on the store and autolag arguments. In release 0.16 or after July 2027, whichever is later, the default behavior will switch to always returning an ADFullerResult. Set result_object=True to switch now, or result_object=False to keep the current behavior and silence this warning.
  p1 = adfuller(spread_train[:h], autolag="AIC")[1]
/Users/ganzhengwei/Desktop/object/量化/test/mrarb/futures.py:761: FutureWarning: adfuller currently returns a plain tuple whose length depends on the store and autolag arguments. In release 0.16 or after July 2027, whichever is later, the default behavior will switch to always returning an ADFullerResult. Set result_object=True to switch now, or result_object=False to keep the current behavior and silence this warning.
  p2 = adfuller(spread_train[h:], autolag="AIC")[1]
/Users/ganzhengwei/Desktop/object/量化/test/mrarb/futures.py:760: FutureWarning: adfuller currently returns a plain tuple whose length depends on the store and autolag arguments. In release 0.16 or after July 2027, whichever is later, the default behavior will switch to always returning an ADFullerResult. Set result_object=True to switch now, or result_object=False to keep the current behavior and silence this warning.
  p1 = adfuller(spread_train[:h], autolag="AIC")[1]
/Users/ganzhengwei/Desktop/object/量化/test/mrarb/futures.py:761: FutureWarning: adfuller currently returns a plain tuple whose length depends on the store and autolag arguments. In release 0.16 or after July 2027, whichever is later, the default behavior will switch to always returning an ADFullerResult. Set result_object=True to switch now, or result_object=False to keep the current behavior and silence this warning.
  p2 = adfuller(spread_train[h:], autolag="AIC")[1]
/Users/ganzhengwei/Desktop/object/量化/test/mrarb/futures.py:760: FutureWarning: adfuller currently returns a plain tuple whose length depends on the store and autolag arguments. In release 0.16 or after July 2027, whichever is later, the default behavior will switch to always returning an ADFullerResult. Set result_object=True to switch now, or result_object=False to keep the current behavior and silence this warning.
  p1 = adfuller(spread_train[:h], autolag="AIC")[1]
/Users/ganzhengwei/Desktop/object/量化/test/mrarb/futures.py:761: FutureWarning: adfuller currently returns a plain tuple whose length depends on the store and autolag arguments. In release 0.16 or after July 2027, whichever is later, the default behavior will switch to always returning an ADFullerResult. Set result_object=True to switch now, or result_object=False to keep the current behavior and silence this warning.
  p2 = adfuller(spread_train[h:], autolag="AIC")[1]
/Users/ganzhengwei/Desktop/object/量化/test/mrarb/futures.py:760: FutureWarning: adfuller currently returns a plain tuple whose length depends on the store and autolag arguments. In release 0.16 or after July 2027, whichever is later, the default behavior will switch to always returning an ADFullerResult. Set result_object=True to switch now, or result_object=False to keep the current behavior and silence this warning.
  p1 = adfuller(spread_train[:h], autolag="AIC")[1]
/Users/ganzhengwei/Desktop/object/量化/test/mrarb/futures.py:761: FutureWarning: adfuller currently returns a plain tuple whose length depends on the store and autolag arguments. In release 0.16 or after July 2027, whichever is later, the default behavior will switch to always returning an ADFullerResult. Set result_object=True to switch now, or result_object=False to keep the current behavior and silence this warning.
  p2 = adfuller(spread_train[h:], autolag="AIC")[1]
/Users/ganzhengwei/Desktop/object/量化/test/mrarb/futures.py:760: FutureWarning: adfuller currently returns a plain tuple whose length depends on the store and autolag arguments. In release 0.16 or after July 2027, whichever is later, the default behavior will switch to always returning an ADFullerResult. Set result_object=True to switch now, or result_object=False to keep the current behavior and silence this warning.
  p1 = adfuller(spread_train[:h], autolag="AIC")[1]
/Users/ganzhengwei/Desktop/object/量化/test/mrarb/futures.py:761: FutureWarning: adfuller currently returns a plain tuple whose length depends on the store and autolag arguments. In release 0.16 or after July 2027, whichever is later, the default behavior will switch to always returning an ADFullerResult. Set result_object=True to switch now, or result_object=False to keep the current behavior and silence this warning.
  p2 = adfuller(spread_train[h:], autolag="AIC")[1]
/Users/ganzhengwei/Desktop/object/量化/test/mrarb/futures.py:760: FutureWarning: adfuller currently returns a plain tuple whose length depends on the store and autolag arguments. In release 0.16 or after July 2027, whichever is later, the default behavior will switch to always returning an ADFullerResult. Set result_object=True to switch now, or result_object=False to keep the current behavior and silence this warning.
  p1 = adfuller(spread_train[:h], autolag="AIC")[1]
/Users/ganzhengwei/Desktop/object/量化/test/mrarb/futures.py:761: FutureWarning: adfuller currently returns a plain tuple whose length depends on the store and autolag arguments. In release 0.16 or after July 2027, whichever is later, the default behavior will switch to always returning an ADFullerResult. Set result_object=True to switch now, or result_object=False to keep the current behavior and silence this warning.
  p2 = adfuller(spread_train[h:], autolag="AIC")[1]
/Users/ganzhengwei/Desktop/object/量化/test/mrarb/futures.py:760: FutureWarning: adfuller currently returns a plain tuple whose length depends on the store and autolag arguments. In release 0.16 or after July 2027, whichever is later, the default behavior will switch to always returning an ADFullerResult. Set result_object=True to switch now, or result_object=False to keep the current behavior and silence this warning.
  p1 = adfuller(spread_train[:h], autolag="AIC")[1]
/Users/ganzhengwei/Desktop/object/量化/test/mrarb/futures.py:761: FutureWarning: adfuller currently returns a plain tuple whose length depends on the store and autolag arguments. In release 0.16 or after July 2027, whichever is later, the default behavior will switch to always returning an ADFullerResult. Set result_object=True to switch now, or result_object=False to keep the current behavior and silence this warning.
  p2 = adfuller(spread_train[h:], autolag="AIC")[1]
/Users/ganzhengwei/Desktop/object/量化/test/mrarb/futures.py:760: FutureWarning: adfuller currently returns a plain tuple whose length depends on the store and autolag arguments. In release 0.16 or after July 2027, whichever is later, the default behavior will switch to always returning an ADFullerResult. Set result_object=True to switch now, or result_object=False to keep the current behavior and silence this warning.
  p1 = adfuller(spread_train[:h], autolag="AIC")[1]
/Users/ganzhengwei/Desktop/object/量化/test/mrarb/futures.py:761: FutureWarning: adfuller currently returns a plain tuple whose length depends on the store and autolag arguments. In release 0.16 or after July 2027, whichever is later, the default behavior will switch to always returning an ADFullerResult. Set result_object=True to switch now, or result_object=False to keep the current behavior and silence this warning.
  p2 = adfuller(spread_train[h:], autolag="AIC")[1]
/Users/ganzhengwei/Desktop/object/量化/test/mrarb/futures.py:760: FutureWarning: adfuller currently returns a plain tuple whose length depends on the store and autolag arguments. In release 0.16 or after July 2027, whichever is later, the default behavior will switch to always returning an ADFullerResult. Set result_object=True to switch now, or result_object=False to keep the current behavior and silence this warning.
  p1 = adfuller(spread_train[:h], autolag="AIC")[1]
/Users/ganzhengwei/Desktop/object/量化/test/mrarb/futures.py:761: FutureWarning: adfuller currently returns a plain tuple whose length depends on the store and autolag arguments. In release 0.16 or after July 2027, whichever is later, the default behavior will switch to always returning an ADFullerResult. Set result_object=True to switch now, or result_object=False to keep the current behavior and silence this warning.
  p2 = adfuller(spread_train[h:], autolag="AIC")[1]
/Users/ganzhengwei/Desktop/object/量化/test/mrarb/futures.py:760: FutureWarning: adfuller currently returns a plain tuple whose length depends on the store and autolag arguments. In release 0.16 or after July 2027, whichever is later, the default behavior will switch to always returning an ADFullerResult. Set result_object=True to switch now, or result_object=False to keep the current behavior and silence this warning.
  p1 = adfuller(spread_train[:h], autolag="AIC")[1]
/Users/ganzhengwei/Desktop/object/量化/test/mrarb/futures.py:761: FutureWarning: adfuller currently returns a plain tuple whose length depends on the store and autolag arguments. In release 0.16 or after July 2027, whichever is later, the default behavior will switch to always returning an ADFullerResult. Set result_object=True to switch now, or result_object=False to keep the current behavior and silence this warning.
  p2 = adfuller(spread_train[h:], autolag="AIC")[1]
/Users/ganzhengwei/Desktop/object/量化/test/mrarb/futures.py:760: FutureWarning: adfuller currently returns a plain tuple whose length depends on the store and autolag arguments. In release 0.16 or after July 2027, whichever is later, the default behavior will switch to always returning an ADFullerResult. Set result_object=True to switch now, or result_object=False to keep the current behavior and silence this warning.
  p1 = adfuller(spread_train[:h], autolag="AIC")[1]
/Users/ganzhengwei/Desktop/object/量化/test/mrarb/futures.py:761: FutureWarning: adfuller currently returns a plain tuple whose length depends on the store and autolag arguments. In release 0.16 or after July 2027, whichever is later, the default behavior will switch to always returning an ADFullerResult. Set result_object=True to switch now, or result_object=False to keep the current behavior and silence this warning.
  p2 = adfuller(spread_train[h:], autolag="AIC")[1]
/Users/ganzhengwei/Desktop/object/量化/test/mrarb/futures.py:760: FutureWarning: adfuller currently returns a plain tuple whose length depends on the store and autolag arguments. In release 0.16 or after July 2027, whichever is later, the default behavior will switch to always returning an ADFullerResult. Set result_object=True to switch now, or result_object=False to keep the current behavior and silence this warning.
  p1 = adfuller(spread_train[:h], autolag="AIC")[1]
/Users/ganzhengwei/Desktop/object/量化/test/mrarb/futures.py:761: FutureWarning: adfuller currently returns a plain tuple whose length depends on the store and autolag arguments. In release 0.16 or after July 2027, whichever is later, the default behavior will switch to always returning an ADFullerResult. Set result_object=True to switch now, or result_object=False to keep the current behavior and silence this warning.
  p2 = adfuller(spread_train[h:], autolag="AIC")[1]
/Users/ganzhengwei/Desktop/object/量化/test/mrarb/futures.py:760: FutureWarning: adfuller currently returns a plain tuple whose length depends on the store and autolag arguments. In release 0.16 or after July 2027, whichever is later, the default behavior will switch to always returning an ADFullerResult. Set result_object=True to switch now, or result_object=False to keep the current behavior and silence this warning.
  p1 = adfuller(spread_train[:h], autolag="AIC")[1]
/Users/ganzhengwei/Desktop/object/量化/test/mrarb/futures.py:761: FutureWarning: adfuller currently returns a plain tuple whose length depends on the store and autolag arguments. In release 0.16 or after July 2027, whichever is later, the default behavior will switch to always returning an ADFullerResult. Set result_object=True to switch now, or result_object=False to keep the current behavior and silence this warning.
  p2 = adfuller(spread_train[h:], autolag="AIC")[1]
/Users/ganzhengwei/Desktop/object/量化/test/mrarb/futures.py:760: FutureWarning: adfuller currently returns a plain tuple whose length depends on the store and autolag arguments. In release 0.16 or after July 2027, whichever is later, the default behavior will switch to always returning an ADFullerResult. Set result_object=True to switch now, or result_object=False to keep the current behavior and silence this warning.
  p1 = adfuller(spread_train[:h], autolag="AIC")[1]
/Users/ganzhengwei/Desktop/object/量化/test/mrarb/futures.py:761: FutureWarning: adfuller currently returns a plain tuple whose length depends on the store and autolag arguments. In release 0.16 or after July 2027, whichever is later, the default behavior will switch to always returning an ADFullerResult. Set result_object=True to switch now, or result_object=False to keep the current behavior and silence this warning.
  p2 = adfuller(spread_train[h:], autolag="AIC")[1]
/Users/ganzhengwei/Desktop/object/量化/test/mrarb/futures.py:760: FutureWarning: adfuller currently returns a plain tuple whose length depends on the store and autolag arguments. In release 0.16 or after July 2027, whichever is later, the default behavior will switch to always returning an ADFullerResult. Set result_object=True to switch now, or result_object=False to keep the current behavior and silence this warning.
  p1 = adfuller(spread_train[:h], autolag="AIC")[1]
/Users/ganzhengwei/Desktop/object/量化/test/mrarb/futures.py:761: FutureWarning: adfuller currently returns a plain tuple whose length depends on the store and autolag arguments. In release 0.16 or after July 2027, whichever is later, the default behavior will switch to always returning an ADFullerResult. Set result_object=True to switch now, or result_object=False to keep the current behavior and silence this warning.
  p2 = adfuller(spread_train[h:], autolag="AIC")[1]
/Users/ganzhengwei/Desktop/object/量化/test/mrarb/futures.py:760: FutureWarning: adfuller currently returns a plain tuple whose length depends on the store and autolag arguments. In release 0.16 or after July 2027, whichever is later, the default behavior will switch to always returning an ADFullerResult. Set result_object=True to switch now, or result_object=False to keep the current behavior and silence this warning.
  p1 = adfuller(spread_train[:h], autolag="AIC")[1]
/Users/ganzhengwei/Desktop/object/量化/test/mrarb/futures.py:761: FutureWarning: adfuller currently returns a plain tuple whose length depends on the store and autolag arguments. In release 0.16 or after July 2027, whichever is later, the default behavior will switch to always returning an ADFullerResult. Set result_object=True to switch now, or result_object=False to keep the current behavior and silence this warning.
  p2 = adfuller(spread_train[h:], autolag="AIC")[1]
/Users/ganzhengwei/Desktop/object/量化/test/mrarb/futures.py:760: FutureWarning: adfuller currently returns a plain tuple whose length depends on the store and autolag arguments. In release 0.16 or after July 2027, whichever is later, the default behavior will switch to always returning an ADFullerResult. Set result_object=True to switch now, or result_object=False to keep the current behavior and silence this warning.
  p1 = adfuller(spread_train[:h], autolag="AIC")[1]
/Users/ganzhengwei/Desktop/object/量化/test/mrarb/futures.py:761: FutureWarning: adfuller currently returns a plain tuple whose length depends on the store and autolag arguments. In release 0.16 or after July 2027, whichever is later, the default behavior will switch to always returning an ADFullerResult. Set result_object=True to switch now, or result_object=False to keep the current behavior and silence this warning.
  p2 = adfuller(spread_train[h:], autolag="AIC")[1]
/Users/ganzhengwei/Desktop/object/量化/test/mrarb/futures.py:549: RuntimeWarning: All-NaN axis encountered
  return float(np.nanmin([_leg_avg_vol(u, c, _leg(u, c, r)[0], tr)
/Users/ganzhengwei/Desktop/object/量化/test/mrarb/futures.py:687: FutureWarning: adfuller currently returns a plain tuple whose length depends on the store and autolag arguments. In release 0.16 or after July 2027, whichever is later, the default behavior will switch to always returning an ADFullerResult. Set result_object=True to switch now, or result_object=False to keep the current behavior and silence this warning.
  p = adfuller(y - Xs[0], autolag="AIC")[1]
/Users/ganzhengwei/Desktop/object/量化/test/mrarb/futures.py:760: FutureWarning: adfuller currently returns a plain tuple whose length depends on the store and autolag arguments. In release 0.16 or after July 2027, whichever is later, the default behavior will switch to always returning an ADFullerResult. Set result_object=True to switch now, or result_object=False to keep the current behavior and silence this warning.
  p1 = adfuller(spread_train[:h], autolag="AIC")[1]
/Users/ganzhengwei/Desktop/object/量化/test/mrarb/futures.py:761: FutureWarning: adfuller currently returns a plain tuple whose length depends on the store and autolag arguments. In release 0.16 or after July 2027, whichever is later, the default behavior will switch to always returning an ADFullerResult. Set result_object=True to switch now, or result_object=False to keep the current behavior and silence this warning.
  p2 = adfuller(spread_train[h:], autolag="AIC")[1]
/Users/ganzhengwei/Desktop/object/量化/test/mrarb/futures.py:687: FutureWarning: adfuller currently returns a plain tuple whose length depends on the store and autolag arguments. In release 0.16 or after July 2027, whichever is later, the default behavior will switch to always returning an ADFullerResult. Set result_object=True to switch now, or result_object=False to keep the current behavior and silence this warning.
  p = adfuller(y - Xs[0], autolag="AIC")[1]
/Users/ganzhengwei/Desktop/object/量化/test/mrarb/futures.py:760: FutureWarning: adfuller currently returns a plain tuple whose length depends on the store and autolag arguments. In release 0.16 or after July 2027, whichever is later, the default behavior will switch to always returning an ADFullerResult. Set result_object=True to switch now, or result_object=False to keep the current behavior and silence this warning.
  p1 = adfuller(spread_train[:h], autolag="AIC")[1]
/Users/ganzhengwei/Desktop/object/量化/test/mrarb/futures.py:761: FutureWarning: adfuller currently returns a plain tuple whose length depends on the store and autolag arguments. In release 0.16 or after July 2027, whichever is later, the default behavior will switch to always returning an ADFullerResult. Set result_object=True to switch now, or result_object=False to keep the current behavior and silence this warning.
  p2 = adfuller(spread_train[h:], autolag="AIC")[1]
/Users/ganzhengwei/Desktop/object/量化/test/mrarb/futures.py:687: FutureWarning: adfuller currently returns a plain tuple whose length depends on the store and autolag arguments. In release 0.16 or after July 2027, whichever is later, the default behavior will switch to always returning an ADFullerResult. Set result_object=True to switch now, or result_object=False to keep the current behavior and silence this warning.
  p = adfuller(y - Xs[0], autolag="AIC")[1]
/Users/ganzhengwei/Desktop/object/量化/test/mrarb/futures.py:760: FutureWarning: adfuller currently returns a plain tuple whose length depends on the store and autolag arguments. In release 0.16 or after July 2027, whichever is later, the default behavior will switch to always returning an ADFullerResult. Set result_object=True to switch now, or result_object=False to keep the current behavior and silence this warning.
  p1 = adfuller(spread_train[:h], autolag="AIC")[1]
/Users/ganzhengwei/Desktop/object/量化/test/mrarb/futures.py:761: FutureWarning: adfuller currently returns a plain tuple whose length depends on the store and autolag arguments. In release 0.16 or after July 2027, whichever is later, the default behavior will switch to always returning an ADFullerResult. Set result_object=True to switch now, or result_object=False to keep the current behavior and silence this warning.
  p2 = adfuller(spread_train[h:], autolag="AIC")[1]
/Users/ganzhengwei/Desktop/object/量化/test/mrarb/futures.py:687: FutureWarning: adfuller currently returns a plain tuple whose length depends on the store and autolag arguments. In release 0.16 or after July 2027, whichever is later, the default behavior will switch to always returning an ADFullerResult. Set result_object=True to switch now, or result_object=False to keep the current behavior and silence this warning.
  p = adfuller(y - Xs[0], autolag="AIC")[1]
/Users/ganzhengwei/Desktop/object/量化/test/mrarb/futures.py:760: FutureWarning: adfuller currently returns a plain tuple whose length depends on the store and autolag arguments. In release 0.16 or after July 2027, whichever is later, the default behavior will switch to always returning an ADFullerResult. Set result_object=True to switch now, or result_object=False to keep the current behavior and silence this warning.
  p1 = adfuller(spread_train[:h], autolag="AIC")[1]
/Users/ganzhengwei/Desktop/object/量化/test/mrarb/futures.py:761: FutureWarning: adfuller currently returns a plain tuple whose length depends on the store and autolag arguments. In release 0.16 or after July 2027, whichever is later, the default behavior will switch to always returning an ADFullerResult. Set result_object=True to switch now, or result_object=False to keep the current behavior and silence this warning.
  p2 = adfuller(spread_train[h:], autolag="AIC")[1]
/Users/ganzhengwei/Desktop/object/量化/test/mrarb/futures.py:687: FutureWarning: adfuller currently returns a plain tuple whose length depends on the store and autolag arguments. In release 0.16 or after July 2027, whichever is later, the default behavior will switch to always returning an ADFullerResult. Set result_object=True to switch now, or result_object=False to keep the current behavior and silence this warning.
  p = adfuller(y - Xs[0], autolag="AIC")[1]
/Users/ganzhengwei/Desktop/object/量化/test/mrarb/futures.py:760: FutureWarning: adfuller currently returns a plain tuple whose length depends on the store and autolag arguments. In release 0.16 or after July 2027, whichever is later, the default behavior will switch to always returning an ADFullerResult. Set result_object=True to switch now, or result_object=False to keep the current behavior and silence this warning.
  p1 = adfuller(spread_train[:h], autolag="AIC")[1]
/Users/ganzhengwei/Desktop/object/量化/test/mrarb/futures.py:761: FutureWarning: adfuller currently returns a plain tuple whose length depends on the store and autolag arguments. In release 0.16 or after July 2027, whichever is later, the default behavior will switch to always returning an ADFullerResult. Set result_object=True to switch now, or result_object=False to keep the current behavior and silence this warning.
  p2 = adfuller(spread_train[h:], autolag="AIC")[1]
/Users/ganzhengwei/Desktop/object/量化/test/mrarb/futures.py:687: FutureWarning: adfuller currently returns a plain tuple whose length depends on the store and autolag arguments. In release 0.16 or after July 2027, whichever is later, the default behavior will switch to always returning an ADFullerResult. Set result_object=True to switch now, or result_object=False to keep the current behavior and silence this warning.
  p = adfuller(y - Xs[0], autolag="AIC")[1]
/Users/ganzhengwei/Desktop/object/量化/test/mrarb/futures.py:760: FutureWarning: adfuller currently returns a plain tuple whose length depends on the store and autolag arguments. In release 0.16 or after July 2027, whichever is later, the default behavior will switch to always returning an ADFullerResult. Set result_object=True to switch now, or result_object=False to keep the current behavior and silence this warning.
  p1 = adfuller(spread_train[:h], autolag="AIC")[1]
/Users/ganzhengwei/Desktop/object/量化/test/mrarb/futures.py:761: FutureWarning: adfuller currently returns a plain tuple whose length depends on the store and autolag arguments. In release 0.16 or after July 2027, whichever is later, the default behavior will switch to always returning an ADFullerResult. Set result_object=True to switch now, or result_object=False to keep the current behavior and silence this warning.
  p2 = adfuller(spread_train[h:], autolag="AIC")[1]
/Users/ganzhengwei/Desktop/object/量化/test/mrarb/futures.py:687: FutureWarning: adfuller currently returns a plain tuple whose length depends on the store and autolag arguments. In release 0.16 or after July 2027, whichever is later, the default behavior will switch to always returning an ADFullerResult. Set result_object=True to switch now, or result_object=False to keep the current behavior and silence this warning.
  p = adfuller(y - Xs[0], autolag="AIC")[1]
/Users/ganzhengwei/Desktop/object/量化/test/mrarb/futures.py:760: FutureWarning: adfuller currently returns a plain tuple whose length depends on the store and autolag arguments. In release 0.16 or after July 2027, whichever is later, the default behavior will switch to always returning an ADFullerResult. Set result_object=True to switch now, or result_object=False to keep the current behavior and silence this warning.
  p1 = adfuller(spread_train[:h], autolag="AIC")[1]
/Users/ganzhengwei/Desktop/object/量化/test/mrarb/futures.py:761: FutureWarning: adfuller currently returns a plain tuple whose length depends on the store and autolag arguments. In release 0.16 or after July 2027, whichever is later, the default behavior will switch to always returning an ADFullerResult. Set result_object=True to switch now, or result_object=False to keep the current behavior and silence this warning.
  p2 = adfuller(spread_train[h:], autolag="AIC")[1]
/Users/ganzhengwei/Desktop/object/量化/test/mrarb/futures.py:687: FutureWarning: adfuller currently returns a plain tuple whose length depends on the store and autolag arguments. In release 0.16 or after July 2027, whichever is later, the default behavior will switch to always returning an ADFullerResult. Set result_object=True to switch now, or result_object=False to keep the current behavior and silence this warning.
  p = adfuller(y - Xs[0], autolag="AIC")[1]
/Users/ganzhengwei/Desktop/object/量化/test/mrarb/futures.py:760: FutureWarning: adfuller currently returns a plain tuple whose length depends on the store and autolag arguments. In release 0.16 or after July 2027, whichever is later, the default behavior will switch to always returning an ADFullerResult. Set result_object=True to switch now, or result_object=False to keep the current behavior and silence this warning.
  p1 = adfuller(spread_train[:h], autolag="AIC")[1]
/Users/ganzhengwei/Desktop/object/量化/test/mrarb/futures.py:761: FutureWarning: adfuller currently returns a plain tuple whose length depends on the store and autolag arguments. In release 0.16 or after July 2027, whichever is later, the default behavior will switch to always returning an ADFullerResult. Set result_object=True to switch now, or result_object=False to keep the current behavior and silence this warning.
  p2 = adfuller(spread_train[h:], autolag="AIC")[1]
/Users/ganzhengwei/Desktop/object/量化/test/mrarb/futures.py:687: FutureWarning: adfuller currently returns a plain tuple whose length depends on the store and autolag arguments. In release 0.16 or after July 2027, whichever is later, the default behavior will switch to always returning an ADFullerResult. Set result_object=True to switch now, or result_object=False to keep the current behavior and silence this warning.
  p = adfuller(y - Xs[0], autolag="AIC")[1]
/Users/ganzhengwei/Desktop/object/量化/test/mrarb/futures.py:760: FutureWarning: adfuller currently returns a plain tuple whose length depends on the store and autolag arguments. In release 0.16 or after July 2027, whichever is later, the default behavior will switch to always returning an ADFullerResult. Set result_object=True to switch now, or result_object=False to keep the current behavior and silence this warning.
  p1 = adfuller(spread_train[:h], autolag="AIC")[1]
/Users/ganzhengwei/Desktop/object/量化/test/mrarb/futures.py:761: FutureWarning: adfuller currently returns a plain tuple whose length depends on the store and autolag arguments. In release 0.16 or after July 2027, whichever is later, the default behavior will switch to always returning an ADFullerResult. Set result_object=True to switch now, or result_object=False to keep the current behavior and silence this warning.
  p2 = adfuller(spread_train[h:], autolag="AIC")[1]
/Users/ganzhengwei/Desktop/object/量化/test/mrarb/futures.py:687: FutureWarning: adfuller currently returns a plain tuple whose length depends on the store and autolag arguments. In release 0.16 or after July 2027, whichever is later, the default behavior will switch to always returning an ADFullerResult. Set result_object=True to switch now, or result_object=False to keep the current behavior and silence this warning.
  p = adfuller(y - Xs[0], autolag="AIC")[1]
/Users/ganzhengwei/Desktop/object/量化/test/mrarb/futures.py:760: FutureWarning: adfuller currently returns a plain tuple whose length depends on the store and autolag arguments. In release 0.16 or after July 2027, whichever is later, the default behavior will switch to always returning an ADFullerResult. Set result_object=True to switch now, or result_object=False to keep the current behavior and silence this warning.
  p1 = adfuller(spread_train[:h], autolag="AIC")[1]
/Users/ganzhengwei/Desktop/object/量化/test/mrarb/futures.py:761: FutureWarning: adfuller currently returns a plain tuple whose length depends on the store and autolag arguments. In release 0.16 or after July 2027, whichever is later, the default behavior will switch to always returning an ADFullerResult. Set result_object=True to switch now, or result_object=False to keep the current behavior and silence this warning.
  p2 = adfuller(spread_train[h:], autolag="AIC")[1]
/Users/ganzhengwei/Desktop/object/量化/test/mrarb/futures.py:687: FutureWarning: adfuller currently returns a plain tuple whose length depends on the store and autolag arguments. In release 0.16 or after July 2027, whichever is later, the default behavior will switch to always returning an ADFullerResult. Set result_object=True to switch now, or result_object=False to keep the current behavior and silence this warning.
  p = adfuller(y - Xs[0], autolag="AIC")[1]
/Users/ganzhengwei/Desktop/object/量化/test/mrarb/futures.py:760: FutureWarning: adfuller currently returns a plain tuple whose length depends on the store and autolag arguments. In release 0.16 or after July 2027, whichever is later, the default behavior will switch to always returning an ADFullerResult. Set result_object=True to switch now, or result_object=False to keep the current behavior and silence this warning.
  p1 = adfuller(spread_train[:h], autolag="AIC")[1]
/Users/ganzhengwei/Desktop/object/量化/test/mrarb/futures.py:761: FutureWarning: adfuller currently returns a plain tuple whose length depends on the store and autolag arguments. In release 0.16 or after July 2027, whichever is later, the default behavior will switch to always returning an ADFullerResult. Set result_object=True to switch now, or result_object=False to keep the current behavior and silence this warning.
  p2 = adfuller(spread_train[h:], autolag="AIC")[1]
/Users/ganzhengwei/Desktop/object/量化/test/mrarb/futures.py:687: FutureWarning: adfuller currently returns a plain tuple whose length depends on the store and autolag arguments. In release 0.16 or after July 2027, whichever is later, the default behavior will switch to always returning an ADFullerResult. Set result_object=True to switch now, or result_object=False to keep the current behavior and silence this warning.
  p = adfuller(y - Xs[0], autolag="AIC")[1]
/Users/ganzhengwei/Desktop/object/量化/test/mrarb/futures.py:760: FutureWarning: adfuller currently returns a plain tuple whose length depends on the store and autolag arguments. In release 0.16 or after July 2027, whichever is later, the default behavior will switch to always returning an ADFullerResult. Set result_object=True to switch now, or result_object=False to keep the current behavior and silence this warning.
  p1 = adfuller(spread_train[:h], autolag="AIC")[1]
/Users/ganzhengwei/Desktop/object/量化/test/mrarb/futures.py:761: FutureWarning: adfuller currently returns a plain tuple whose length depends on the store and autolag arguments. In release 0.16 or after July 2027, whichever is later, the default behavior will switch to always returning an ADFullerResult. Set result_object=True to switch now, or result_object=False to keep the current behavior and silence this warning.
  p2 = adfuller(spread_train[h:], autolag="AIC")[1]
/Users/ganzhengwei/Desktop/object/量化/test/mrarb/futures.py:687: FutureWarning: adfuller currently returns a plain tuple whose length depends on the store and autolag arguments. In release 0.16 or after July 2027, whichever is later, the default behavior will switch to always returning an ADFullerResult. Set result_object=True to switch now, or result_object=False to keep the current behavior and silence this warning.
  p = adfuller(y - Xs[0], autolag="AIC")[1]
/Users/ganzhengwei/Desktop/object/量化/test/mrarb/futures.py:760: FutureWarning: adfuller currently returns a plain tuple whose length depends on the store and autolag arguments. In release 0.16 or after July 2027, whichever is later, the default behavior will switch to always returning an ADFullerResult. Set result_object=True to switch now, or result_object=False to keep the current behavior and silence this warning.
  p1 = adfuller(spread_train[:h], autolag="AIC")[1]
/Users/ganzhengwei/Desktop/object/量化/test/mrarb/futures.py:761: FutureWarning: adfuller currently returns a plain tuple whose length depends on the store and autolag arguments. In release 0.16 or after July 2027, whichever is later, the default behavior will switch to always returning an ADFullerResult. Set result_object=True to switch now, or result_object=False to keep the current behavior and silence this warning.
  p2 = adfuller(spread_train[h:], autolag="AIC")[1]
/Users/ganzhengwei/Desktop/object/量化/test/mrarb/futures.py:687: FutureWarning: adfuller currently returns a plain tuple whose length depends on the store and autolag arguments. In release 0.16 or after July 2027, whichever is later, the default behavior will switch to always returning an ADFullerResult. Set result_object=True to switch now, or result_object=False to keep the current behavior and silence this warning.
  p = adfuller(y - Xs[0], autolag="AIC")[1]
/Users/ganzhengwei/Desktop/object/量化/test/mrarb/futures.py:760: FutureWarning: adfuller currently returns a plain tuple whose length depends on the store and autolag arguments. In release 0.16 or after July 2027, whichever is later, the default behavior will switch to always returning an ADFullerResult. Set result_object=True to switch now, or result_object=False to keep the current behavior and silence this warning.
  p1 = adfuller(spread_train[:h], autolag="AIC")[1]
/Users/ganzhengwei/Desktop/object/量化/test/mrarb/futures.py:761: FutureWarning: adfuller currently returns a plain tuple whose length depends on the store and autolag arguments. In release 0.16 or after July 2027, whichever is later, the default behavior will switch to always returning an ADFullerResult. Set result_object=True to switch now, or result_object=False to keep the current behavior and silence this warning.
  p2 = adfuller(spread_train[h:], autolag="AIC")[1]
/Users/ganzhengwei/Desktop/object/量化/test/mrarb/futures.py:687: FutureWarning: adfuller currently returns a plain tuple whose length depends on the store and autolag arguments. In release 0.16 or after July 2027, whichever is later, the default behavior will switch to always returning an ADFullerResult. Set result_object=True to switch now, or result_object=False to keep the current behavior and silence this warning.
  p = adfuller(y - Xs[0], autolag="AIC")[1]
/Users/ganzhengwei/Desktop/object/量化/test/mrarb/futures.py:760: FutureWarning: adfuller currently returns a plain tuple whose length depends on the store and autolag arguments. In release 0.16 or after July 2027, whichever is later, the default behavior will switch to always returning an ADFullerResult. Set result_object=True to switch now, or result_object=False to keep the current behavior and silence this warning.
  p1 = adfuller(spread_train[:h], autolag="AIC")[1]
/Users/ganzhengwei/Desktop/object/量化/test/mrarb/futures.py:761: FutureWarning: adfuller currently returns a plain tuple whose length depends on the store and autolag arguments. In release 0.16 or after July 2027, whichever is later, the default behavior will switch to always returning an ADFullerResult. Set result_object=True to switch now, or result_object=False to keep the current behavior and silence this warning.
  p2 = adfuller(spread_train[h:], autolag="AIC")[1]
/Users/ganzhengwei/Desktop/object/量化/test/mrarb/futures.py:760: FutureWarning: adfuller currently returns a plain tuple whose length depends on the store and autolag arguments. In release 0.16 or after July 2027, whichever is later, the default behavior will switch to always returning an ADFullerResult. Set result_object=True to switch now, or result_object=False to keep the current behavior and silence this warning.
  p1 = adfuller(spread_train[:h], autolag="AIC")[1]
/Users/ganzhengwei/Desktop/object/量化/test/mrarb/futures.py:761: FutureWarning: adfuller currently returns a plain tuple whose length depends on the store and autolag arguments. In release 0.16 or after July 2027, whichever is later, the default behavior will switch to always returning an ADFullerResult. Set result_object=True to switch now, or result_object=False to keep the current behavior and silence this warning.
  p2 = adfuller(spread_train[h:], autolag="AIC")[1]
/Users/ganzhengwei/Desktop/object/量化/test/mrarb/futures.py:760: FutureWarning: adfuller currently returns a plain tuple whose length depends on the store and autolag arguments. In release 0.16 or after July 2027, whichever is later, the default behavior will switch to always returning an ADFullerResult. Set result_object=True to switch now, or result_object=False to keep the current behavior and silence this warning.
  p1 = adfuller(spread_train[:h], autolag="AIC")[1]
/Users/ganzhengwei/Desktop/object/量化/test/mrarb/futures.py:761: FutureWarning: adfuller currently returns a plain tuple whose length depends on the store and autolag arguments. In release 0.16 or after July 2027, whichever is later, the default behavior will switch to always returning an ADFullerResult. Set result_object=True to switch now, or result_object=False to keep the current behavior and silence this warning.
  p2 = adfuller(spread_train[h:], autolag="AIC")[1]
/Users/ganzhengwei/Desktop/object/量化/test/mrarb/futures.py:760: FutureWarning: adfuller currently returns a plain tuple whose length depends on the store and autolag arguments. In release 0.16 or after July 2027, whichever is later, the default behavior will switch to always returning an ADFullerResult. Set result_object=True to switch now, or result_object=False to keep the current behavior and silence this warning.
  p1 = adfuller(spread_train[:h], autolag="AIC")[1]
/Users/ganzhengwei/Desktop/object/量化/test/mrarb/futures.py:761: FutureWarning: adfuller currently returns a plain tuple whose length depends on the store and autolag arguments. In release 0.16 or after July 2027, whichever is later, the default behavior will switch to always returning an ADFullerResult. Set result_object=True to switch now, or result_object=False to keep the current behavior and silence this warning.
  p2 = adfuller(spread_train[h:], autolag="AIC")[1]
/Users/ganzhengwei/Desktop/object/量化/test/mrarb/futures.py:760: FutureWarning: adfuller currently returns a plain tuple whose length depends on the store and autolag arguments. In release 0.16 or after July 2027, whichever is later, the default behavior will switch to always returning an ADFullerResult. Set result_object=True to switch now, or result_object=False to keep the current behavior and silence this warning.
  p1 = adfuller(spread_train[:h], autolag="AIC")[1]
/Users/ganzhengwei/Desktop/object/量化/test/mrarb/futures.py:761: FutureWarning: adfuller currently returns a plain tuple whose length depends on the store and autolag arguments. In release 0.16 or after July 2027, whichever is later, the default behavior will switch to always returning an ADFullerResult. Set result_object=True to switch now, or result_object=False to keep the current behavior and silence this warning.
  p2 = adfuller(spread_train[h:], autolag="AIC")[1]
/Users/ganzhengwei/Desktop/object/量化/test/mrarb/futures.py:760: FutureWarning: adfuller currently returns a plain tuple whose length depends on the store and autolag arguments. In release 0.16 or after July 2027, whichever is later, the default behavior will switch to always returning an ADFullerResult. Set result_object=True to switch now, or result_object=False to keep the current behavior and silence this warning.
  p1 = adfuller(spread_train[:h], autolag="AIC")[1]
/Users/ganzhengwei/Desktop/object/量化/test/mrarb/futures.py:761: FutureWarning: adfuller currently returns a plain tuple whose length depends on the store and autolag arguments. In release 0.16 or after July 2027, whichever is later, the default behavior will switch to always returning an ADFullerResult. Set result_object=True to switch now, or result_object=False to keep the current behavior and silence this warning.
  p2 = adfuller(spread_train[h:], autolag="AIC")[1]
/Users/ganzhengwei/Desktop/object/量化/test/mrarb/futures.py:760: FutureWarning: adfuller currently returns a plain tuple whose length depends on the store and autolag arguments. In release 0.16 or after July 2027, whichever is later, the default behavior will switch to always returning an ADFullerResult. Set result_object=True to switch now, or result_object=False to keep the current behavior and silence this warning.
  p1 = adfuller(spread_train[:h], autolag="AIC")[1]
/Users/ganzhengwei/Desktop/object/量化/test/mrarb/futures.py:761: FutureWarning: adfuller currently returns a plain tuple whose length depends on the store and autolag arguments. In release 0.16 or after July 2027, whichever is later, the default behavior will switch to always returning an ADFullerResult. Set result_object=True to switch now, or result_object=False to keep the current behavior and silence this warning.
  p2 = adfuller(spread_train[h:], autolag="AIC")[1]
/Users/ganzhengwei/Desktop/object/量化/test/mrarb/futures.py:760: FutureWarning: adfuller currently returns a plain tuple whose length depends on the store and autolag arguments. In release 0.16 or after July 2027, whichever is later, the default behavior will switch to always returning an ADFullerResult. Set result_object=True to switch now, or result_object=False to keep the current behavior and silence this warning.
  p1 = adfuller(spread_train[:h], autolag="AIC")[1]
/Users/ganzhengwei/Desktop/object/量化/test/mrarb/futures.py:761: FutureWarning: adfuller currently returns a plain tuple whose length depends on the store and autolag arguments. In release 0.16 or after July 2027, whichever is later, the default behavior will switch to always returning an ADFullerResult. Set result_object=True to switch now, or result_object=False to keep the current behavior and silence this warning.
  p2 = adfuller(spread_train[h:], autolag="AIC")[1]
/Users/ganzhengwei/Desktop/object/量化/test/mrarb/futures.py:760: FutureWarning: adfuller currently returns a plain tuple whose length depends on the store and autolag arguments. In release 0.16 or after July 2027, whichever is later, the default behavior will switch to always returning an ADFullerResult. Set result_object=True to switch now, or result_object=False to keep the current behavior and silence this warning.
  p1 = adfuller(spread_train[:h], autolag="AIC")[1]
/Users/ganzhengwei/Desktop/object/量化/test/mrarb/futures.py:761: FutureWarning: adfuller currently returns a plain tuple whose length depends on the store and autolag arguments. In release 0.16 or after July 2027, whichever is later, the default behavior will switch to always returning an ADFullerResult. Set result_object=True to switch now, or result_object=False to keep the current behavior and silence this warning.
  p2 = adfuller(spread_train[h:], autolag="AIC")[1]
/Users/ganzhengwei/Desktop/object/量化/test/mrarb/futures.py:760: FutureWarning: adfuller currently returns a plain tuple whose length depends on the store and autolag arguments. In release 0.16 or after July 2027, whichever is later, the default behavior will switch to always returning an ADFullerResult. Set result_object=True to switch now, or result_object=False to keep the current behavior and silence this warning.
  p1 = adfuller(spread_train[:h], autolag="AIC")[1]
/Users/ganzhengwei/Desktop/object/量化/test/mrarb/futures.py:761: FutureWarning: adfuller currently returns a plain tuple whose length depends on the store and autolag arguments. In release 0.16 or after July 2027, whichever is later, the default behavior will switch to always returning an ADFullerResult. Set result_object=True to switch now, or result_object=False to keep the current behavior and silence this warning.
  p2 = adfuller(spread_train[h:], autolag="AIC")[1]
/Users/ganzhengwei/Desktop/object/量化/test/mrarb/futures.py:760: FutureWarning: adfuller currently returns a plain tuple whose length depends on the store and autolag arguments. In release 0.16 or after July 2027, whichever is later, the default behavior will switch to always returning an ADFullerResult. Set result_object=True to switch now, or result_object=False to keep the current behavior and silence this warning.
  p1 = adfuller(spread_train[:h], autolag="AIC")[1]
/Users/ganzhengwei/Desktop/object/量化/test/mrarb/futures.py:761: FutureWarning: adfuller currently returns a plain tuple whose length depends on the store and autolag arguments. In release 0.16 or after July 2027, whichever is later, the default behavior will switch to always returning an ADFullerResult. Set result_object=True to switch now, or result_object=False to keep the current behavior and silence this warning.
  p2 = adfuller(spread_train[h:], autolag="AIC")[1]
/Users/ganzhengwei/Desktop/object/量化/test/mrarb/futures.py:760: FutureWarning: adfuller currently returns a plain tuple whose length depends on the store and autolag arguments. In release 0.16 or after July 2027, whichever is later, the default behavior will switch to always returning an ADFullerResult. Set result_object=True to switch now, or result_object=False to keep the current behavior and silence this warning.
  p1 = adfuller(spread_train[:h], autolag="AIC")[1]
/Users/ganzhengwei/Desktop/object/量化/test/mrarb/futures.py:761: FutureWarning: adfuller currently returns a plain tuple whose length depends on the store and autolag arguments. In release 0.16 or after July 2027, whichever is later, the default behavior will switch to always returning an ADFullerResult. Set result_object=True to switch now, or result_object=False to keep the current behavior and silence this warning.
  p2 = adfuller(spread_train[h:], autolag="AIC")[1]
/Users/ganzhengwei/Desktop/object/量化/test/mrarb/futures.py:760: FutureWarning: adfuller currently returns a plain tuple whose length depends on the store and autolag arguments. In release 0.16 or after July 2027, whichever is later, the default behavior will switch to always returning an ADFullerResult. Set result_object=True to switch now, or result_object=False to keep the current behavior and silence this warning.
  p1 = adfuller(spread_train[:h], autolag="AIC")[1]
/Users/ganzhengwei/Desktop/object/量化/test/mrarb/futures.py:761: FutureWarning: adfuller currently returns a plain tuple whose length depends on the store and autolag arguments. In release 0.16 or after July 2027, whichever is later, the default behavior will switch to always returning an ADFullerResult. Set result_object=True to switch now, or result_object=False to keep the current behavior and silence this warning.
  p2 = adfuller(spread_train[h:], autolag="AIC")[1]
/Users/ganzhengwei/Desktop/object/量化/test/mrarb/futures.py:760: FutureWarning: adfuller currently returns a plain tuple whose length depends on the store and autolag arguments. In release 0.16 or after July 2027, whichever is later, the default behavior will switch to always returning an ADFullerResult. Set result_object=True to switch now, or result_object=False to keep the current behavior and silence this warning.
  p1 = adfuller(spread_train[:h], autolag="AIC")[1]
/Users/ganzhengwei/Desktop/object/量化/test/mrarb/futures.py:761: FutureWarning: adfuller currently returns a plain tuple whose length depends on the store and autolag arguments. In release 0.16 or after July 2027, whichever is later, the default behavior will switch to always returning an ADFullerResult. Set result_object=True to switch now, or result_object=False to keep the current behavior and silence this warning.
  p2 = adfuller(spread_train[h:], autolag="AIC")[1]
/Users/ganzhengwei/Desktop/object/量化/test/mrarb/futures.py:760: FutureWarning: adfuller currently returns a plain tuple whose length depends on the store and autolag arguments. In release 0.16 or after July 2027, whichever is later, the default behavior will switch to always returning an ADFullerResult. Set result_object=True to switch now, or result_object=False to keep the current behavior and silence this warning.
  p1 = adfuller(spread_train[:h], autolag="AIC")[1]
/Users/ganzhengwei/Desktop/object/量化/test/mrarb/futures.py:761: FutureWarning: adfuller currently returns a plain tuple whose length depends on the store and autolag arguments. In release 0.16 or after July 2027, whichever is later, the default behavior will switch to always returning an ADFullerResult. Set result_object=True to switch now, or result_object=False to keep the current behavior and silence this warning.
  p2 = adfuller(spread_train[h:], autolag="AIC")[1]
/Users/ganzhengwei/Desktop/object/量化/test/mrarb/futures.py:760: FutureWarning: adfuller currently returns a plain tuple whose length depends on the store and autolag arguments. In release 0.16 or after July 2027, whichever is later, the default behavior will switch to always returning an ADFullerResult. Set result_object=True to switch now, or result_object=False to keep the current behavior and silence this warning.
  p1 = adfuller(spread_train[:h], autolag="AIC")[1]
/Users/ganzhengwei/Desktop/object/量化/test/mrarb/futures.py:761: FutureWarning: adfuller currently returns a plain tuple whose length depends on the store and autolag arguments. In release 0.16 or after July 2027, whichever is later, the default behavior will switch to always returning an ADFullerResult. Set result_object=True to switch now, or result_object=False to keep the current behavior and silence this warning.
  p2 = adfuller(spread_train[h:], autolag="AIC")[1]
/Users/ganzhengwei/Desktop/object/量化/test/mrarb/futures.py:760: FutureWarning: adfuller currently returns a plain tuple whose length depends on the store and autolag arguments. In release 0.16 or after July 2027, whichever is later, the default behavior will switch to always returning an ADFullerResult. Set result_object=True to switch now, or result_object=False to keep the current behavior and silence this warning.
  p1 = adfuller(spread_train[:h], autolag="AIC")[1]
/Users/ganzhengwei/Desktop/object/量化/test/mrarb/futures.py:761: FutureWarning: adfuller currently returns a plain tuple whose length depends on the store and autolag arguments. In release 0.16 or after July 2027, whichever is later, the default behavior will switch to always returning an ADFullerResult. Set result_object=True to switch now, or result_object=False to keep the current behavior and silence this warning.
  p2 = adfuller(spread_train[h:], autolag="AIC")[1]
/Users/ganzhengwei/Desktop/object/量化/test/mrarb/futures.py:760: FutureWarning: adfuller currently returns a plain tuple whose length depends on the store and autolag arguments. In release 0.16 or after July 2027, whichever is later, the default behavior will switch to always returning an ADFullerResult. Set result_object=True to switch now, or result_object=False to keep the current behavior and silence this warning.
  p1 = adfuller(spread_train[:h], autolag="AIC")[1]
/Users/ganzhengwei/Desktop/object/量化/test/mrarb/futures.py:761: FutureWarning: adfuller currently returns a plain tuple whose length depends on the store and autolag arguments. In release 0.16 or after July 2027, whichever is later, the default behavior will switch to always returning an ADFullerResult. Set result_object=True to switch now, or result_object=False to keep the current behavior and silence this warning.
  p2 = adfuller(spread_train[h:], autolag="AIC")[1]
/Users/ganzhengwei/Desktop/object/量化/test/mrarb/futures.py:760: FutureWarning: adfuller currently returns a plain tuple whose length depends on the store and autolag arguments. In release 0.16 or after July 2027, whichever is later, the default behavior will switch to always returning an ADFullerResult. Set result_object=True to switch now, or result_object=False to keep the current behavior and silence this warning.
  p1 = adfuller(spread_train[:h], autolag="AIC")[1]
/Users/ganzhengwei/Desktop/object/量化/test/mrarb/futures.py:761: FutureWarning: adfuller currently returns a plain tuple whose length depends on the store and autolag arguments. In release 0.16 or after July 2027, whichever is later, the default behavior will switch to always returning an ADFullerResult. Set result_object=True to switch now, or result_object=False to keep the current behavior and silence this warning.
  p2 = adfuller(spread_train[h:], autolag="AIC")[1]
/Users/ganzhengwei/Desktop/object/量化/test/mrarb/futures.py:760: FutureWarning: adfuller currently returns a plain tuple whose length depends on the store and autolag arguments. In release 0.16 or after July 2027, whichever is later, the default behavior will switch to always returning an ADFullerResult. Set result_object=True to switch now, or result_object=False to keep the current behavior and silence this warning.
  p1 = adfuller(spread_train[:h], autolag="AIC")[1]
/Users/ganzhengwei/Desktop/object/量化/test/mrarb/futures.py:761: FutureWarning: adfuller currently returns a plain tuple whose length depends on the store and autolag arguments. In release 0.16 or after July 2027, whichever is later, the default behavior will switch to always returning an ADFullerResult. Set result_object=True to switch now, or result_object=False to keep the current behavior and silence this warning.
  p2 = adfuller(spread_train[h:], autolag="AIC")[1]
/Users/ganzhengwei/Desktop/object/量化/test/mrarb/futures.py:760: FutureWarning: adfuller currently returns a plain tuple whose length depends on the store and autolag arguments. In release 0.16 or after July 2027, whichever is later, the default behavior will switch to always returning an ADFullerResult. Set result_object=True to switch now, or result_object=False to keep the current behavior and silence this warning.
  p1 = adfuller(spread_train[:h], autolag="AIC")[1]
/Users/ganzhengwei/Desktop/object/量化/test/mrarb/futures.py:761: FutureWarning: adfuller currently returns a plain tuple whose length depends on the store and autolag arguments. In release 0.16 or after July 2027, whichever is later, the default behavior will switch to always returning an ADFullerResult. Set result_object=True to switch now, or result_object=False to keep the current behavior and silence this warning.
  p2 = adfuller(spread_train[h:], autolag="AIC")[1]
/Users/ganzhengwei/Desktop/object/量化/test/mrarb/futures.py:760: FutureWarning: adfuller currently returns a plain tuple whose length depends on the store and autolag arguments. In release 0.16 or after July 2027, whichever is later, the default behavior will switch to always returning an ADFullerResult. Set result_object=True to switch now, or result_object=False to keep the current behavior and silence this warning.
  p1 = adfuller(spread_train[:h], autolag="AIC")[1]
/Users/ganzhengwei/Desktop/object/量化/test/mrarb/futures.py:761: FutureWarning: adfuller currently returns a plain tuple whose length depends on the store and autolag arguments. In release 0.16 or after July 2027, whichever is later, the default behavior will switch to always returning an ADFullerResult. Set result_object=True to switch now, or result_object=False to keep the current behavior and silence this warning.
  p2 = adfuller(spread_train[h:], autolag="AIC")[1]
/Users/ganzhengwei/Desktop/object/量化/test/mrarb/futures.py:760: FutureWarning: adfuller currently returns a plain tuple whose length depends on the store and autolag arguments. In release 0.16 or after July 2027, whichever is later, the default behavior will switch to always returning an ADFullerResult. Set result_object=True to switch now, or result_object=False to keep the current behavior and silence this warning.
  p1 = adfuller(spread_train[:h], autolag="AIC")[1]
/Users/ganzhengwei/Desktop/object/量化/test/mrarb/futures.py:761: FutureWarning: adfuller currently returns a plain tuple whose length depends on the store and autolag arguments. In release 0.16 or after July 2027, whichever is later, the default behavior will switch to always returning an ADFullerResult. Set result_object=True to switch now, or result_object=False to keep the current behavior and silence this warning.
  p2 = adfuller(spread_train[h:], autolag="AIC")[1]
/Users/ganzhengwei/Desktop/object/量化/test/mrarb/futures.py:760: FutureWarning: adfuller currently returns a plain tuple whose length depends on the store and autolag arguments. In release 0.16 or after July 2027, whichever is later, the default behavior will switch to always returning an ADFullerResult. Set result_object=True to switch now, or result_object=False to keep the current behavior and silence this warning.
  p1 = adfuller(spread_train[:h], autolag="AIC")[1]
/Users/ganzhengwei/Desktop/object/量化/test/mrarb/futures.py:761: FutureWarning: adfuller currently returns a plain tuple whose length depends on the store and autolag arguments. In release 0.16 or after July 2027, whichever is later, the default behavior will switch to always returning an ADFullerResult. Set result_object=True to switch now, or result_object=False to keep the current behavior and silence this warning.
  p2 = adfuller(spread_train[h:], autolag="AIC")[1]
/Users/ganzhengwei/Desktop/object/量化/test/mrarb/futures.py:760: FutureWarning: adfuller currently returns a plain tuple whose length depends on the store and autolag arguments. In release 0.16 or after July 2027, whichever is later, the default behavior will switch to always returning an ADFullerResult. Set result_object=True to switch now, or result_object=False to keep the current behavior and silence this warning.
  p1 = adfuller(spread_train[:h], autolag="AIC")[1]
/Users/ganzhengwei/Desktop/object/量化/test/mrarb/futures.py:761: FutureWarning: adfuller currently returns a plain tuple whose length depends on the store and autolag arguments. In release 0.16 or after July 2027, whichever is later, the default behavior will switch to always returning an ADFullerResult. Set result_object=True to switch now, or result_object=False to keep the current behavior and silence this warning.
  p2 = adfuller(spread_train[h:], autolag="AIC")[1]
/Users/ganzhengwei/Desktop/object/量化/test/mrarb/futures.py:760: FutureWarning: adfuller currently returns a plain tuple whose length depends on the store and autolag arguments. In release 0.16 or after July 2027, whichever is later, the default behavior will switch to always returning an ADFullerResult. Set result_object=True to switch now, or result_object=False to keep the current behavior and silence this warning.
  p1 = adfuller(spread_train[:h], autolag="AIC")[1]
/Users/ganzhengwei/Desktop/object/量化/test/mrarb/futures.py:761: FutureWarning: adfuller currently returns a plain tuple whose length depends on the store and autolag arguments. In release 0.16 or after July 2027, whichever is later, the default behavior will switch to always returning an ADFullerResult. Set result_object=True to switch now, or result_object=False to keep the current behavior and silence this warning.
  p2 = adfuller(spread_train[h:], autolag="AIC")[1]
/Users/ganzhengwei/Desktop/object/量化/test/mrarb/futures.py:760: FutureWarning: adfuller currently returns a plain tuple whose length depends on the store and autolag arguments. In release 0.16 or after July 2027, whichever is later, the default behavior will switch to always returning an ADFullerResult. Set result_object=True to switch now, or result_object=False to keep the current behavior and silence this warning.
  p1 = adfuller(spread_train[:h], autolag="AIC")[1]
/Users/ganzhengwei/Desktop/object/量化/test/mrarb/futures.py:761: FutureWarning: adfuller currently returns a plain tuple whose length depends on the store and autolag arguments. In release 0.16 or after July 2027, whichever is later, the default behavior will switch to always returning an ADFullerResult. Set result_object=True to switch now, or result_object=False to keep the current behavior and silence this warning.
  p2 = adfuller(spread_train[h:], autolag="AIC")[1]
/Users/ganzhengwei/Desktop/object/量化/test/mrarb/futures.py:760: FutureWarning: adfuller currently returns a plain tuple whose length depends on the store and autolag arguments. In release 0.16 or after July 2027, whichever is later, the default behavior will switch to always returning an ADFullerResult. Set result_object=True to switch now, or result_object=False to keep the current behavior and silence this warning.
  p1 = adfuller(spread_train[:h], autolag="AIC")[1]
/Users/ganzhengwei/Desktop/object/量化/test/mrarb/futures.py:761: FutureWarning: adfuller currently returns a plain tuple whose length depends on the store and autolag arguments. In release 0.16 or after July 2027, whichever is later, the default behavior will switch to always returning an ADFullerResult. Set result_object=True to switch now, or result_object=False to keep the current behavior and silence this warning.
  p2 = adfuller(spread_train[h:], autolag="AIC")[1]
/Users/ganzhengwei/Desktop/object/量化/test/mrarb/futures.py:760: FutureWarning: adfuller currently returns a plain tuple whose length depends on the store and autolag arguments. In release 0.16 or after July 2027, whichever is later, the default behavior will switch to always returning an ADFullerResult. Set result_object=True to switch now, or result_object=False to keep the current behavior and silence this warning.
  p1 = adfuller(spread_train[:h], autolag="AIC")[1]
/Users/ganzhengwei/Desktop/object/量化/test/mrarb/futures.py:761: FutureWarning: adfuller currently returns a plain tuple whose length depends on the store and autolag arguments. In release 0.16 or after July 2027, whichever is later, the default behavior will switch to always returning an ADFullerResult. Set result_object=True to switch now, or result_object=False to keep the current behavior and silence this warning.
  p2 = adfuller(spread_train[h:], autolag="AIC")[1]
/Users/ganzhengwei/Desktop/object/量化/test/mrarb/futures.py:760: FutureWarning: adfuller currently returns a plain tuple whose length depends on the store and autolag arguments. In release 0.16 or after July 2027, whichever is later, the default behavior will switch to always returning an ADFullerResult. Set result_object=True to switch now, or result_object=False to keep the current behavior and silence this warning.
  p1 = adfuller(spread_train[:h], autolag="AIC")[1]
/Users/ganzhengwei/Desktop/object/量化/test/mrarb/futures.py:761: FutureWarning: adfuller currently returns a plain tuple whose length depends on the store and autolag arguments. In release 0.16 or after July 2027, whichever is later, the default behavior will switch to always returning an ADFullerResult. Set result_object=True to switch now, or result_object=False to keep the current behavior and silence this warning.
  p2 = adfuller(spread_train[h:], autolag="AIC")[1]
/Users/ganzhengwei/Desktop/object/量化/test/mrarb/futures.py:760: FutureWarning: adfuller currently returns a plain tuple whose length depends on the store and autolag arguments. In release 0.16 or after July 2027, whichever is later, the default behavior will switch to always returning an ADFullerResult. Set result_object=True to switch now, or result_object=False to keep the current behavior and silence this warning.
  p1 = adfuller(spread_train[:h], autolag="AIC")[1]
/Users/ganzhengwei/Desktop/object/量化/test/mrarb/futures.py:761: FutureWarning: adfuller currently returns a plain tuple whose length depends on the store and autolag arguments. In release 0.16 or after July 2027, whichever is later, the default behavior will switch to always returning an ADFullerResult. Set result_object=True to switch now, or result_object=False to keep the current behavior and silence this warning.
  p2 = adfuller(spread_train[h:], autolag="AIC")[1]
/Users/ganzhengwei/Desktop/object/量化/test/mrarb/futures.py:760: FutureWarning: adfuller currently returns a plain tuple whose length depends on the store and autolag arguments. In release 0.16 or after July 2027, whichever is later, the default behavior will switch to always returning an ADFullerResult. Set result_object=True to switch now, or result_object=False to keep the current behavior and silence this warning.
  p1 = adfuller(spread_train[:h], autolag="AIC")[1]
/Users/ganzhengwei/Desktop/object/量化/test/mrarb/futures.py:761: FutureWarning: adfuller currently returns a plain tuple whose length depends on the store and autolag arguments. In release 0.16 or after July 2027, whichever is later, the default behavior will switch to always returning an ADFullerResult. Set result_object=True to switch now, or result_object=False to keep the current behavior and silence this warning.
  p2 = adfuller(spread_train[h:], autolag="AIC")[1]
/Users/ganzhengwei/Desktop/object/量化/test/mrarb/futures.py:760: FutureWarning: adfuller currently returns a plain tuple whose length depends on the store and autolag arguments. In release 0.16 or after July 2027, whichever is later, the default behavior will switch to always returning an ADFullerResult. Set result_object=True to switch now, or result_object=False to keep the current behavior and silence this warning.
  p1 = adfuller(spread_train[:h], autolag="AIC")[1]
/Users/ganzhengwei/Desktop/object/量化/test/mrarb/futures.py:761: FutureWarning: adfuller currently returns a plain tuple whose length depends on the store and autolag arguments. In release 0.16 or after July 2027, whichever is later, the default behavior will switch to always returning an ADFullerResult. Set result_object=True to switch now, or result_object=False to keep the current behavior and silence this warning.
  p2 = adfuller(spread_train[h:], autolag="AIC")[1]
/Users/ganzhengwei/Desktop/object/量化/test/mrarb/futures.py:760: FutureWarning: adfuller currently returns a plain tuple whose length depends on the store and autolag arguments. In release 0.16 or after July 2027, whichever is later, the default behavior will switch to always returning an ADFullerResult. Set result_object=True to switch now, or result_object=False to keep the current behavior and silence this warning.
  p1 = adfuller(spread_train[:h], autolag="AIC")[1]
/Users/ganzhengwei/Desktop/object/量化/test/mrarb/futures.py:761: FutureWarning: adfuller currently returns a plain tuple whose length depends on the store and autolag arguments. In release 0.16 or after July 2027, whichever is later, the default behavior will switch to always returning an ADFullerResult. Set result_object=True to switch now, or result_object=False to keep the current behavior and silence this warning.
  p2 = adfuller(spread_train[h:], autolag="AIC")[1]
/Users/ganzhengwei/Desktop/object/量化/test/mrarb/futures.py:760: FutureWarning: adfuller currently returns a plain tuple whose length depends on the store and autolag arguments. In release 0.16 or after July 2027, whichever is later, the default behavior will switch to always returning an ADFullerResult. Set result_object=True to switch now, or result_object=False to keep the current behavior and silence this warning.
  p1 = adfuller(spread_train[:h], autolag="AIC")[1]
/Users/ganzhengwei/Desktop/object/量化/test/mrarb/futures.py:761: FutureWarning: adfuller currently returns a plain tuple whose length depends on the store and autolag arguments. In release 0.16 or after July 2027, whichever is later, the default behavior will switch to always returning an ADFullerResult. Set result_object=True to switch now, or result_object=False to keep the current behavior and silence this warning.
  p2 = adfuller(spread_train[h:], autolag="AIC")[1]
/Users/ganzhengwei/Desktop/object/量化/test/mrarb/futures.py:760: FutureWarning: adfuller currently returns a plain tuple whose length depends on the store and autolag arguments. In release 0.16 or after July 2027, whichever is later, the default behavior will switch to always returning an ADFullerResult. Set result_object=True to switch now, or result_object=False to keep the current behavior and silence this warning.
  p1 = adfuller(spread_train[:h], autolag="AIC")[1]
/Users/ganzhengwei/Desktop/object/量化/test/mrarb/futures.py:761: FutureWarning: adfuller currently returns a plain tuple whose length depends on the store and autolag arguments. In release 0.16 or after July 2027, whichever is later, the default behavior will switch to always returning an ADFullerResult. Set result_object=True to switch now, or result_object=False to keep the current behavior and silence this warning.
  p2 = adfuller(spread_train[h:], autolag="AIC")[1]
/Users/ganzhengwei/Desktop/object/量化/test/mrarb/futures.py:760: FutureWarning: adfuller currently returns a plain tuple whose length depends on the store and autolag arguments. In release 0.16 or after July 2027, whichever is later, the default behavior will switch to always returning an ADFullerResult. Set result_object=True to switch now, or result_object=False to keep the current behavior and silence this warning.
  p1 = adfuller(spread_train[:h], autolag="AIC")[1]
/Users/ganzhengwei/Desktop/object/量化/test/mrarb/futures.py:761: FutureWarning: adfuller currently returns a plain tuple whose length depends on the store and autolag arguments. In release 0.16 or after July 2027, whichever is later, the default behavior will switch to always returning an ADFullerResult. Set result_object=True to switch now, or result_object=False to keep the current behavior and silence this warning.
  p2 = adfuller(spread_train[h:], autolag="AIC")[1]
  fold 2 (train 491): 0 槽位, 跳过
  fold 3: train[0,607) test[607,732) slots=1
/Users/ganzhengwei/Desktop/object/量化/test/mrarb/futures.py:549: RuntimeWarning: All-NaN axis encountered
  return float(np.nanmin([_leg_avg_vol(u, c, _leg(u, c, r)[0], tr)
/Users/ganzhengwei/Desktop/object/量化/test/mrarb/futures.py:687: FutureWarning: adfuller currently returns a plain tuple whose length depends on the store and autolag arguments. In release 0.16 or after July 2027, whichever is later, the default behavior will switch to always returning an ADFullerResult. Set result_object=True to switch now, or result_object=False to keep the current behavior and silence this warning.
  p = adfuller(y - Xs[0], autolag="AIC")[1]
/Users/ganzhengwei/Desktop/object/量化/test/mrarb/futures.py:760: FutureWarning: adfuller currently returns a plain tuple whose length depends on the store and autolag arguments. In release 0.16 or after July 2027, whichever is later, the default behavior will switch to always returning an ADFullerResult. Set result_object=True to switch now, or result_object=False to keep the current behavior and silence this warning.
  p1 = adfuller(spread_train[:h], autolag="AIC")[1]
/Users/ganzhengwei/Desktop/object/量化/test/mrarb/futures.py:761: FutureWarning: adfuller currently returns a plain tuple whose length depends on the store and autolag arguments. In release 0.16 or after July 2027, whichever is later, the default behavior will switch to always returning an ADFullerResult. Set result_object=True to switch now, or result_object=False to keep the current behavior and silence this warning.
  p2 = adfuller(spread_train[h:], autolag="AIC")[1]
/Users/ganzhengwei/Desktop/object/量化/test/mrarb/futures.py:687: FutureWarning: adfuller currently returns a plain tuple whose length depends on the store and autolag arguments. In release 0.16 or after July 2027, whichever is later, the default behavior will switch to always returning an ADFullerResult. Set result_object=True to switch now, or result_object=False to keep the current behavior and silence this warning.
  p = adfuller(y - Xs[0], autolag="AIC")[1]
/Users/ganzhengwei/Desktop/object/量化/test/mrarb/futures.py:760: FutureWarning: adfuller currently returns a plain tuple whose length depends on the store and autolag arguments. In release 0.16 or after July 2027, whichever is later, the default behavior will switch to always returning an ADFullerResult. Set result_object=True to switch now, or result_object=False to keep the current behavior and silence this warning.
  p1 = adfuller(spread_train[:h], autolag="AIC")[1]
/Users/ganzhengwei/Desktop/object/量化/test/mrarb/futures.py:761: FutureWarning: adfuller currently returns a plain tuple whose length depends on the store and autolag arguments. In release 0.16 or after July 2027, whichever is later, the default behavior will switch to always returning an ADFullerResult. Set result_object=True to switch now, or result_object=False to keep the current behavior and silence this warning.
  p2 = adfuller(spread_train[h:], autolag="AIC")[1]
/Users/ganzhengwei/Desktop/object/量化/test/mrarb/futures.py:687: FutureWarning: adfuller currently returns a plain tuple whose length depends on the store and autolag arguments. In release 0.16 or after July 2027, whichever is later, the default behavior will switch to always returning an ADFullerResult. Set result_object=True to switch now, or result_object=False to keep the current behavior and silence this warning.
  p = adfuller(y - Xs[0], autolag="AIC")[1]
/Users/ganzhengwei/Desktop/object/量化/test/mrarb/futures.py:760: FutureWarning: adfuller currently returns a plain tuple whose length depends on the store and autolag arguments. In release 0.16 or after July 2027, whichever is later, the default behavior will switch to always returning an ADFullerResult. Set result_object=True to switch now, or result_object=False to keep the current behavior and silence this warning.
  p1 = adfuller(spread_train[:h], autolag="AIC")[1]
/Users/ganzhengwei/Desktop/object/量化/test/mrarb/futures.py:761: FutureWarning: adfuller currently returns a plain tuple whose length depends on the store and autolag arguments. In release 0.16 or after July 2027, whichever is later, the default behavior will switch to always returning an ADFullerResult. Set result_object=True to switch now, or result_object=False to keep the current behavior and silence this warning.
  p2 = adfuller(spread_train[h:], autolag="AIC")[1]
/Users/ganzhengwei/Desktop/object/量化/test/mrarb/futures.py:687: FutureWarning: adfuller currently returns a plain tuple whose length depends on the store and autolag arguments. In release 0.16 or after July 2027, whichever is later, the default behavior will switch to always returning an ADFullerResult. Set result_object=True to switch now, or result_object=False to keep the current behavior and silence this warning.
  p = adfuller(y - Xs[0], autolag="AIC")[1]
/Users/ganzhengwei/Desktop/object/量化/test/mrarb/futures.py:760: FutureWarning: adfuller currently returns a plain tuple whose length depends on the store and autolag arguments. In release 0.16 or after July 2027, whichever is later, the default behavior will switch to always returning an ADFullerResult. Set result_object=True to switch now, or result_object=False to keep the current behavior and silence this warning.
  p1 = adfuller(spread_train[:h], autolag="AIC")[1]
/Users/ganzhengwei/Desktop/object/量化/test/mrarb/futures.py:761: FutureWarning: adfuller currently returns a plain tuple whose length depends on the store and autolag arguments. In release 0.16 or after July 2027, whichever is later, the default behavior will switch to always returning an ADFullerResult. Set result_object=True to switch now, or result_object=False to keep the current behavior and silence this warning.
  p2 = adfuller(spread_train[h:], autolag="AIC")[1]
/Users/ganzhengwei/Desktop/object/量化/test/mrarb/futures.py:687: FutureWarning: adfuller currently returns a plain tuple whose length depends on the store and autolag arguments. In release 0.16 or after July 2027, whichever is later, the default behavior will switch to always returning an ADFullerResult. Set result_object=True to switch now, or result_object=False to keep the current behavior and silence this warning.
  p = adfuller(y - Xs[0], autolag="AIC")[1]
/Users/ganzhengwei/Desktop/object/量化/test/mrarb/futures.py:760: FutureWarning: adfuller currently returns a plain tuple whose length depends on the store and autolag arguments. In release 0.16 or after July 2027, whichever is later, the default behavior will switch to always returning an ADFullerResult. Set result_object=True to switch now, or result_object=False to keep the current behavior and silence this warning.
  p1 = adfuller(spread_train[:h], autolag="AIC")[1]
/Users/ganzhengwei/Desktop/object/量化/test/mrarb/futures.py:761: FutureWarning: adfuller currently returns a plain tuple whose length depends on the store and autolag arguments. In release 0.16 or after July 2027, whichever is later, the default behavior will switch to always returning an ADFullerResult. Set result_object=True to switch now, or result_object=False to keep the current behavior and silence this warning.
  p2 = adfuller(spread_train[h:], autolag="AIC")[1]
/Users/ganzhengwei/Desktop/object/量化/test/mrarb/futures.py:687: FutureWarning: adfuller currently returns a plain tuple whose length depends on the store and autolag arguments. In release 0.16 or after July 2027, whichever is later, the default behavior will switch to always returning an ADFullerResult. Set result_object=True to switch now, or result_object=False to keep the current behavior and silence this warning.
  p = adfuller(y - Xs[0], autolag="AIC")[1]
/Users/ganzhengwei/Desktop/object/量化/test/mrarb/futures.py:760: FutureWarning: adfuller currently returns a plain tuple whose length depends on the store and autolag arguments. In release 0.16 or after July 2027, whichever is later, the default behavior will switch to always returning an ADFullerResult. Set result_object=True to switch now, or result_object=False to keep the current behavior and silence this warning.
  p1 = adfuller(spread_train[:h], autolag="AIC")[1]
/Users/ganzhengwei/Desktop/object/量化/test/mrarb/futures.py:761: FutureWarning: adfuller currently returns a plain tuple whose length depends on the store and autolag arguments. In release 0.16 or after July 2027, whichever is later, the default behavior will switch to always returning an ADFullerResult. Set result_object=True to switch now, or result_object=False to keep the current behavior and silence this warning.
  p2 = adfuller(spread_train[h:], autolag="AIC")[1]
/Users/ganzhengwei/Desktop/object/量化/test/mrarb/futures.py:687: FutureWarning: adfuller currently returns a plain tuple whose length depends on the store and autolag arguments. In release 0.16 or after July 2027, whichever is later, the default behavior will switch to always returning an ADFullerResult. Set result_object=True to switch now, or result_object=False to keep the current behavior and silence this warning.
  p = adfuller(y - Xs[0], autolag="AIC")[1]
/Users/ganzhengwei/Desktop/object/量化/test/mrarb/futures.py:760: FutureWarning: adfuller currently returns a plain tuple whose length depends on the store and autolag arguments. In release 0.16 or after July 2027, whichever is later, the default behavior will switch to always returning an ADFullerResult. Set result_object=True to switch now, or result_object=False to keep the current behavior and silence this warning.
  p1 = adfuller(spread_train[:h], autolag="AIC")[1]
/Users/ganzhengwei/Desktop/object/量化/test/mrarb/futures.py:761: FutureWarning: adfuller currently returns a plain tuple whose length depends on the store and autolag arguments. In release 0.16 or after July 2027, whichever is later, the default behavior will switch to always returning an ADFullerResult. Set result_object=True to switch now, or result_object=False to keep the current behavior and silence this warning.
  p2 = adfuller(spread_train[h:], autolag="AIC")[1]
/Users/ganzhengwei/Desktop/object/量化/test/mrarb/futures.py:687: FutureWarning: adfuller currently returns a plain tuple whose length depends on the store and autolag arguments. In release 0.16 or after July 2027, whichever is later, the default behavior will switch to always returning an ADFullerResult. Set result_object=True to switch now, or result_object=False to keep the current behavior and silence this warning.
  p = adfuller(y - Xs[0], autolag="AIC")[1]
/Users/ganzhengwei/Desktop/object/量化/test/mrarb/futures.py:760: FutureWarning: adfuller currently returns a plain tuple whose length depends on the store and autolag arguments. In release 0.16 or after July 2027, whichever is later, the default behavior will switch to always returning an ADFullerResult. Set result_object=True to switch now, or result_object=False to keep the current behavior and silence this warning.
  p1 = adfuller(spread_train[:h], autolag="AIC")[1]
/Users/ganzhengwei/Desktop/object/量化/test/mrarb/futures.py:761: FutureWarning: adfuller currently returns a plain tuple whose length depends on the store and autolag arguments. In release 0.16 or after July 2027, whichever is later, the default behavior will switch to always returning an ADFullerResult. Set result_object=True to switch now, or result_object=False to keep the current behavior and silence this warning.
  p2 = adfuller(spread_train[h:], autolag="AIC")[1]
/Users/ganzhengwei/Desktop/object/量化/test/mrarb/futures.py:687: FutureWarning: adfuller currently returns a plain tuple whose length depends on the store and autolag arguments. In release 0.16 or after July 2027, whichever is later, the default behavior will switch to always returning an ADFullerResult. Set result_object=True to switch now, or result_object=False to keep the current behavior and silence this warning.
  p = adfuller(y - Xs[0], autolag="AIC")[1]
/Users/ganzhengwei/Desktop/object/量化/test/mrarb/futures.py:760: FutureWarning: adfuller currently returns a plain tuple whose length depends on the store and autolag arguments. In release 0.16 or after July 2027, whichever is later, the default behavior will switch to always returning an ADFullerResult. Set result_object=True to switch now, or result_object=False to keep the current behavior and silence this warning.
  p1 = adfuller(spread_train[:h], autolag="AIC")[1]
/Users/ganzhengwei/Desktop/object/量化/test/mrarb/futures.py:761: FutureWarning: adfuller currently returns a plain tuple whose length depends on the store and autolag arguments. In release 0.16 or after July 2027, whichever is later, the default behavior will switch to always returning an ADFullerResult. Set result_object=True to switch now, or result_object=False to keep the current behavior and silence this warning.
  p2 = adfuller(spread_train[h:], autolag="AIC")[1]
/Users/ganzhengwei/Desktop/object/量化/test/mrarb/futures.py:687: FutureWarning: adfuller currently returns a plain tuple whose length depends on the store and autolag arguments. In release 0.16 or after July 2027, whichever is later, the default behavior will switch to always returning an ADFullerResult. Set result_object=True to switch now, or result_object=False to keep the current behavior and silence this warning.
  p = adfuller(y - Xs[0], autolag="AIC")[1]
/Users/ganzhengwei/Desktop/object/量化/test/mrarb/futures.py:760: FutureWarning: adfuller currently returns a plain tuple whose length depends on the store and autolag arguments. In release 0.16 or after July 2027, whichever is later, the default behavior will switch to always returning an ADFullerResult. Set result_object=True to switch now, or result_object=False to keep the current behavior and silence this warning.
  p1 = adfuller(spread_train[:h], autolag="AIC")[1]
/Users/ganzhengwei/Desktop/object/量化/test/mrarb/futures.py:761: FutureWarning: adfuller currently returns a plain tuple whose length depends on the store and autolag arguments. In release 0.16 or after July 2027, whichever is later, the default behavior will switch to always returning an ADFullerResult. Set result_object=True to switch now, or result_object=False to keep the current behavior and silence this warning.
  p2 = adfuller(spread_train[h:], autolag="AIC")[1]
/Users/ganzhengwei/Desktop/object/量化/test/mrarb/futures.py:687: FutureWarning: adfuller currently returns a plain tuple whose length depends on the store and autolag arguments. In release 0.16 or after July 2027, whichever is later, the default behavior will switch to always returning an ADFullerResult. Set result_object=True to switch now, or result_object=False to keep the current behavior and silence this warning.
  p = adfuller(y - Xs[0], autolag="AIC")[1]
/Users/ganzhengwei/Desktop/object/量化/test/mrarb/futures.py:760: FutureWarning: adfuller currently returns a plain tuple whose length depends on the store and autolag arguments. In release 0.16 or after July 2027, whichever is later, the default behavior will switch to always returning an ADFullerResult. Set result_object=True to switch now, or result_object=False to keep the current behavior and silence this warning.
  p1 = adfuller(spread_train[:h], autolag="AIC")[1]
/Users/ganzhengwei/Desktop/object/量化/test/mrarb/futures.py:761: FutureWarning: adfuller currently returns a plain tuple whose length depends on the store and autolag arguments. In release 0.16 or after July 2027, whichever is later, the default behavior will switch to always returning an ADFullerResult. Set result_object=True to switch now, or result_object=False to keep the current behavior and silence this warning.
  p2 = adfuller(spread_train[h:], autolag="AIC")[1]
/Users/ganzhengwei/Desktop/object/量化/test/mrarb/futures.py:687: FutureWarning: adfuller currently returns a plain tuple whose length depends on the store and autolag arguments. In release 0.16 or after July 2027, whichever is later, the default behavior will switch to always returning an ADFullerResult. Set result_object=True to switch now, or result_object=False to keep the current behavior and silence this warning.
  p = adfuller(y - Xs[0], autolag="AIC")[1]
/Users/ganzhengwei/Desktop/object/量化/test/mrarb/futures.py:760: FutureWarning: adfuller currently returns a plain tuple whose length depends on the store and autolag arguments. In release 0.16 or after July 2027, whichever is later, the default behavior will switch to always returning an ADFullerResult. Set result_object=True to switch now, or result_object=False to keep the current behavior and silence this warning.
  p1 = adfuller(spread_train[:h], autolag="AIC")[1]
/Users/ganzhengwei/Desktop/object/量化/test/mrarb/futures.py:761: FutureWarning: adfuller currently returns a plain tuple whose length depends on the store and autolag arguments. In release 0.16 or after July 2027, whichever is later, the default behavior will switch to always returning an ADFullerResult. Set result_object=True to switch now, or result_object=False to keep the current behavior and silence this warning.
  p2 = adfuller(spread_train[h:], autolag="AIC")[1]
/Users/ganzhengwei/Desktop/object/量化/test/mrarb/futures.py:687: FutureWarning: adfuller currently returns a plain tuple whose length depends on the store and autolag arguments. In release 0.16 or after July 2027, whichever is later, the default behavior will switch to always returning an ADFullerResult. Set result_object=True to switch now, or result_object=False to keep the current behavior and silence this warning.
  p = adfuller(y - Xs[0], autolag="AIC")[1]
/Users/ganzhengwei/Desktop/object/量化/test/mrarb/futures.py:760: FutureWarning: adfuller currently returns a plain tuple whose length depends on the store and autolag arguments. In release 0.16 or after July 2027, whichever is later, the default behavior will switch to always returning an ADFullerResult. Set result_object=True to switch now, or result_object=False to keep the current behavior and silence this warning.
  p1 = adfuller(spread_train[:h], autolag="AIC")[1]
/Users/ganzhengwei/Desktop/object/量化/test/mrarb/futures.py:761: FutureWarning: adfuller currently returns a plain tuple whose length depends on the store and autolag arguments. In release 0.16 or after July 2027, whichever is later, the default behavior will switch to always returning an ADFullerResult. Set result_object=True to switch now, or result_object=False to keep the current behavior and silence this warning.
  p2 = adfuller(spread_train[h:], autolag="AIC")[1]
/Users/ganzhengwei/Desktop/object/量化/test/mrarb/futures.py:687: FutureWarning: adfuller currently returns a plain tuple whose length depends on the store and autolag arguments. In release 0.16 or after July 2027, whichever is later, the default behavior will switch to always returning an ADFullerResult. Set result_object=True to switch now, or result_object=False to keep the current behavior and silence this warning.
  p = adfuller(y - Xs[0], autolag="AIC")[1]
/Users/ganzhengwei/Desktop/object/量化/test/mrarb/futures.py:760: FutureWarning: adfuller currently returns a plain tuple whose length depends on the store and autolag arguments. In release 0.16 or after July 2027, whichever is later, the default behavior will switch to always returning an ADFullerResult. Set result_object=True to switch now, or result_object=False to keep the current behavior and silence this warning.
  p1 = adfuller(spread_train[:h], autolag="AIC")[1]
/Users/ganzhengwei/Desktop/object/量化/test/mrarb/futures.py:761: FutureWarning: adfuller currently returns a plain tuple whose length depends on the store and autolag arguments. In release 0.16 or after July 2027, whichever is later, the default behavior will switch to always returning an ADFullerResult. Set result_object=True to switch now, or result_object=False to keep the current behavior and silence this warning.
  p2 = adfuller(spread_train[h:], autolag="AIC")[1]
/Users/ganzhengwei/Desktop/object/量化/test/mrarb/futures.py:687: FutureWarning: adfuller currently returns a plain tuple whose length depends on the store and autolag arguments. In release 0.16 or after July 2027, whichever is later, the default behavior will switch to always returning an ADFullerResult. Set result_object=True to switch now, or result_object=False to keep the current behavior and silence this warning.
  p = adfuller(y - Xs[0], autolag="AIC")[1]
/Users/ganzhengwei/Desktop/object/量化/test/mrarb/futures.py:760: FutureWarning: adfuller currently returns a plain tuple whose length depends on the store and autolag arguments. In release 0.16 or after July 2027, whichever is later, the default behavior will switch to always returning an ADFullerResult. Set result_object=True to switch now, or result_object=False to keep the current behavior and silence this warning.
  p1 = adfuller(spread_train[:h], autolag="AIC")[1]
/Users/ganzhengwei/Desktop/object/量化/test/mrarb/futures.py:761: FutureWarning: adfuller currently returns a plain tuple whose length depends on the store and autolag arguments. In release 0.16 or after July 2027, whichever is later, the default behavior will switch to always returning an ADFullerResult. Set result_object=True to switch now, or result_object=False to keep the current behavior and silence this warning.
  p2 = adfuller(spread_train[h:], autolag="AIC")[1]
/Users/ganzhengwei/Desktop/object/量化/test/mrarb/futures.py:687: FutureWarning: adfuller currently returns a plain tuple whose length depends on the store and autolag arguments. In release 0.16 or after July 2027, whichever is later, the default behavior will switch to always returning an ADFullerResult. Set result_object=True to switch now, or result_object=False to keep the current behavior and silence this warning.
  p = adfuller(y - Xs[0], autolag="AIC")[1]
/Users/ganzhengwei/Desktop/object/量化/test/mrarb/futures.py:760: FutureWarning: adfuller currently returns a plain tuple whose length depends on the store and autolag arguments. In release 0.16 or after July 2027, whichever is later, the default behavior will switch to always returning an ADFullerResult. Set result_object=True to switch now, or result_object=False to keep the current behavior and silence this warning.
  p1 = adfuller(spread_train[:h], autolag="AIC")[1]
/Users/ganzhengwei/Desktop/object/量化/test/mrarb/futures.py:761: FutureWarning: adfuller currently returns a plain tuple whose length depends on the store and autolag arguments. In release 0.16 or after July 2027, whichever is later, the default behavior will switch to always returning an ADFullerResult. Set result_object=True to switch now, or result_object=False to keep the current behavior and silence this warning.
  p2 = adfuller(spread_train[h:], autolag="AIC")[1]
/Users/ganzhengwei/Desktop/object/量化/test/mrarb/futures.py:760: FutureWarning: adfuller currently returns a plain tuple whose length depends on the store and autolag arguments. In release 0.16 or after July 2027, whichever is later, the default behavior will switch to always returning an ADFullerResult. Set result_object=True to switch now, or result_object=False to keep the current behavior and silence this warning.
  p1 = adfuller(spread_train[:h], autolag="AIC")[1]
/Users/ganzhengwei/Desktop/object/量化/test/mrarb/futures.py:761: FutureWarning: adfuller currently returns a plain tuple whose length depends on the store and autolag arguments. In release 0.16 or after July 2027, whichever is later, the default behavior will switch to always returning an ADFullerResult. Set result_object=True to switch now, or result_object=False to keep the current behavior and silence this warning.
  p2 = adfuller(spread_train[h:], autolag="AIC")[1]
/Users/ganzhengwei/Desktop/object/量化/test/mrarb/futures.py:760: FutureWarning: adfuller currently returns a plain tuple whose length depends on the store and autolag arguments. In release 0.16 or after July 2027, whichever is later, the default behavior will switch to always returning an ADFullerResult. Set result_object=True to switch now, or result_object=False to keep the current behavior and silence this warning.
  p1 = adfuller(spread_train[:h], autolag="AIC")[1]
/Users/ganzhengwei/Desktop/object/量化/test/mrarb/futures.py:761: FutureWarning: adfuller currently returns a plain tuple whose length depends on the store and autolag arguments. In release 0.16 or after July 2027, whichever is later, the default behavior will switch to always returning an ADFullerResult. Set result_object=True to switch now, or result_object=False to keep the current behavior and silence this warning.
  p2 = adfuller(spread_train[h:], autolag="AIC")[1]
/Users/ganzhengwei/Desktop/object/量化/test/mrarb/futures.py:760: FutureWarning: adfuller currently returns a plain tuple whose length depends on the store and autolag arguments. In release 0.16 or after July 2027, whichever is later, the default behavior will switch to always returning an ADFullerResult. Set result_object=True to switch now, or result_object=False to keep the current behavior and silence this warning.
  p1 = adfuller(spread_train[:h], autolag="AIC")[1]
/Users/ganzhengwei/Desktop/object/量化/test/mrarb/futures.py:761: FutureWarning: adfuller currently returns a plain tuple whose length depends on the store and autolag arguments. In release 0.16 or after July 2027, whichever is later, the default behavior will switch to always returning an ADFullerResult. Set result_object=True to switch now, or result_object=False to keep the current behavior and silence this warning.
  p2 = adfuller(spread_train[h:], autolag="AIC")[1]
/Users/ganzhengwei/Desktop/object/量化/test/mrarb/futures.py:760: FutureWarning: adfuller currently returns a plain tuple whose length depends on the store and autolag arguments. In release 0.16 or after July 2027, whichever is later, the default behavior will switch to always returning an ADFullerResult. Set result_object=True to switch now, or result_object=False to keep the current behavior and silence this warning.
  p1 = adfuller(spread_train[:h], autolag="AIC")[1]
/Users/ganzhengwei/Desktop/object/量化/test/mrarb/futures.py:761: FutureWarning: adfuller currently returns a plain tuple whose length depends on the store and autolag arguments. In release 0.16 or after July 2027, whichever is later, the default behavior will switch to always returning an ADFullerResult. Set result_object=True to switch now, or result_object=False to keep the current behavior and silence this warning.
  p2 = adfuller(spread_train[h:], autolag="AIC")[1]
/Users/ganzhengwei/Desktop/object/量化/test/mrarb/futures.py:760: FutureWarning: adfuller currently returns a plain tuple whose length depends on the store and autolag arguments. In release 0.16 or after July 2027, whichever is later, the default behavior will switch to always returning an ADFullerResult. Set result_object=True to switch now, or result_object=False to keep the current behavior and silence this warning.
  p1 = adfuller(spread_train[:h], autolag="AIC")[1]
/Users/ganzhengwei/Desktop/object/量化/test/mrarb/futures.py:761: FutureWarning: adfuller currently returns a plain tuple whose length depends on the store and autolag arguments. In release 0.16 or after July 2027, whichever is later, the default behavior will switch to always returning an ADFullerResult. Set result_object=True to switch now, or result_object=False to keep the current behavior and silence this warning.
  p2 = adfuller(spread_train[h:], autolag="AIC")[1]
/Users/ganzhengwei/Desktop/object/量化/test/mrarb/futures.py:760: FutureWarning: adfuller currently returns a plain tuple whose length depends on the store and autolag arguments. In release 0.16 or after July 2027, whichever is later, the default behavior will switch to always returning an ADFullerResult. Set result_object=True to switch now, or result_object=False to keep the current behavior and silence this warning.
  p1 = adfuller(spread_train[:h], autolag="AIC")[1]
/Users/ganzhengwei/Desktop/object/量化/test/mrarb/futures.py:761: FutureWarning: adfuller currently returns a plain tuple whose length depends on the store and autolag arguments. In release 0.16 or after July 2027, whichever is later, the default behavior will switch to always returning an ADFullerResult. Set result_object=True to switch now, or result_object=False to keep the current behavior and silence this warning.
  p2 = adfuller(spread_train[h:], autolag="AIC")[1]
/Users/ganzhengwei/Desktop/object/量化/test/mrarb/futures.py:760: FutureWarning: adfuller currently returns a plain tuple whose length depends on the store and autolag arguments. In release 0.16 or after July 2027, whichever is later, the default behavior will switch to always returning an ADFullerResult. Set result_object=True to switch now, or result_object=False to keep the current behavior and silence this warning.
  p1 = adfuller(spread_train[:h], autolag="AIC")[1]
/Users/ganzhengwei/Desktop/object/量化/test/mrarb/futures.py:761: FutureWarning: adfuller currently returns a plain tuple whose length depends on the store and autolag arguments. In release 0.16 or after July 2027, whichever is later, the default behavior will switch to always returning an ADFullerResult. Set result_object=True to switch now, or result_object=False to keep the current behavior and silence this warning.
  p2 = adfuller(spread_train[h:], autolag="AIC")[1]
/Users/ganzhengwei/Desktop/object/量化/test/mrarb/futures.py:760: FutureWarning: adfuller currently returns a plain tuple whose length depends on the store and autolag arguments. In release 0.16 or after July 2027, whichever is later, the default behavior will switch to always returning an ADFullerResult. Set result_object=True to switch now, or result_object=False to keep the current behavior and silence this warning.
  p1 = adfuller(spread_train[:h], autolag="AIC")[1]
/Users/ganzhengwei/Desktop/object/量化/test/mrarb/futures.py:761: FutureWarning: adfuller currently returns a plain tuple whose length depends on the store and autolag arguments. In release 0.16 or after July 2027, whichever is later, the default behavior will switch to always returning an ADFullerResult. Set result_object=True to switch now, or result_object=False to keep the current behavior and silence this warning.
  p2 = adfuller(spread_train[h:], autolag="AIC")[1]
/Users/ganzhengwei/Desktop/object/量化/test/mrarb/futures.py:760: FutureWarning: adfuller currently returns a plain tuple whose length depends on the store and autolag arguments. In release 0.16 or after July 2027, whichever is later, the default behavior will switch to always returning an ADFullerResult. Set result_object=True to switch now, or result_object=False to keep the current behavior and silence this warning.
  p1 = adfuller(spread_train[:h], autolag="AIC")[1]
/Users/ganzhengwei/Desktop/object/量化/test/mrarb/futures.py:761: FutureWarning: adfuller currently returns a plain tuple whose length depends on the store and autolag arguments. In release 0.16 or after July 2027, whichever is later, the default behavior will switch to always returning an ADFullerResult. Set result_object=True to switch now, or result_object=False to keep the current behavior and silence this warning.
  p2 = adfuller(spread_train[h:], autolag="AIC")[1]
/Users/ganzhengwei/Desktop/object/量化/test/mrarb/futures.py:760: FutureWarning: adfuller currently returns a plain tuple whose length depends on the store and autolag arguments. In release 0.16 or after July 2027, whichever is later, the default behavior will switch to always returning an ADFullerResult. Set result_object=True to switch now, or result_object=False to keep the current behavior and silence this warning.
  p1 = adfuller(spread_train[:h], autolag="AIC")[1]
/Users/ganzhengwei/Desktop/object/量化/test/mrarb/futures.py:761: FutureWarning: adfuller currently returns a plain tuple whose length depends on the store and autolag arguments. In release 0.16 or after July 2027, whichever is later, the default behavior will switch to always returning an ADFullerResult. Set result_object=True to switch now, or result_object=False to keep the current behavior and silence this warning.
  p2 = adfuller(spread_train[h:], autolag="AIC")[1]
/Users/ganzhengwei/Desktop/object/量化/test/mrarb/futures.py:760: FutureWarning: adfuller currently returns a plain tuple whose length depends on the store and autolag arguments. In release 0.16 or after July 2027, whichever is later, the default behavior will switch to always returning an ADFullerResult. Set result_object=True to switch now, or result_object=False to keep the current behavior and silence this warning.
  p1 = adfuller(spread_train[:h], autolag="AIC")[1]
/Users/ganzhengwei/Desktop/object/量化/test/mrarb/futures.py:761: FutureWarning: adfuller currently returns a plain tuple whose length depends on the store and autolag arguments. In release 0.16 or after July 2027, whichever is later, the default behavior will switch to always returning an ADFullerResult. Set result_object=True to switch now, or result_object=False to keep the current behavior and silence this warning.
  p2 = adfuller(spread_train[h:], autolag="AIC")[1]
/Users/ganzhengwei/Desktop/object/量化/test/mrarb/futures.py:760: FutureWarning: adfuller currently returns a plain tuple whose length depends on the store and autolag arguments. In release 0.16 or after July 2027, whichever is later, the default behavior will switch to always returning an ADFullerResult. Set result_object=True to switch now, or result_object=False to keep the current behavior and silence this warning.
  p1 = adfuller(spread_train[:h], autolag="AIC")[1]
/Users/ganzhengwei/Desktop/object/量化/test/mrarb/futures.py:761: FutureWarning: adfuller currently returns a plain tuple whose length depends on the store and autolag arguments. In release 0.16 or after July 2027, whichever is later, the default behavior will switch to always returning an ADFullerResult. Set result_object=True to switch now, or result_object=False to keep the current behavior and silence this warning.
  p2 = adfuller(spread_train[h:], autolag="AIC")[1]
/Users/ganzhengwei/Desktop/object/量化/test/mrarb/futures.py:760: FutureWarning: adfuller currently returns a plain tuple whose length depends on the store and autolag arguments. In release 0.16 or after July 2027, whichever is later, the default behavior will switch to always returning an ADFullerResult. Set result_object=True to switch now, or result_object=False to keep the current behavior and silence this warning.
  p1 = adfuller(spread_train[:h], autolag="AIC")[1]
/Users/ganzhengwei/Desktop/object/量化/test/mrarb/futures.py:761: FutureWarning: adfuller currently returns a plain tuple whose length depends on the store and autolag arguments. In release 0.16 or after July 2027, whichever is later, the default behavior will switch to always returning an ADFullerResult. Set result_object=True to switch now, or result_object=False to keep the current behavior and silence this warning.
  p2 = adfuller(spread_train[h:], autolag="AIC")[1]
/Users/ganzhengwei/Desktop/object/量化/test/mrarb/futures.py:760: FutureWarning: adfuller currently returns a plain tuple whose length depends on the store and autolag arguments. In release 0.16 or after July 2027, whichever is later, the default behavior will switch to always returning an ADFullerResult. Set result_object=True to switch now, or result_object=False to keep the current behavior and silence this warning.
  p1 = adfuller(spread_train[:h], autolag="AIC")[1]
/Users/ganzhengwei/Desktop/object/量化/test/mrarb/futures.py:761: FutureWarning: adfuller currently returns a plain tuple whose length depends on the store and autolag arguments. In release 0.16 or after July 2027, whichever is later, the default behavior will switch to always returning an ADFullerResult. Set result_object=True to switch now, or result_object=False to keep the current behavior and silence this warning.
  p2 = adfuller(spread_train[h:], autolag="AIC")[1]
/Users/ganzhengwei/Desktop/object/量化/test/mrarb/futures.py:760: FutureWarning: adfuller currently returns a plain tuple whose length depends on the store and autolag arguments. In release 0.16 or after July 2027, whichever is later, the default behavior will switch to always returning an ADFullerResult. Set result_object=True to switch now, or result_object=False to keep the current behavior and silence this warning.
  p1 = adfuller(spread_train[:h], autolag="AIC")[1]
/Users/ganzhengwei/Desktop/object/量化/test/mrarb/futures.py:761: FutureWarning: adfuller currently returns a plain tuple whose length depends on the store and autolag arguments. In release 0.16 or after July 2027, whichever is later, the default behavior will switch to always returning an ADFullerResult. Set result_object=True to switch now, or result_object=False to keep the current behavior and silence this warning.
  p2 = adfuller(spread_train[h:], autolag="AIC")[1]
/Users/ganzhengwei/Desktop/object/量化/test/mrarb/futures.py:760: FutureWarning: adfuller currently returns a plain tuple whose length depends on the store and autolag arguments. In release 0.16 or after July 2027, whichever is later, the default behavior will switch to always returning an ADFullerResult. Set result_object=True to switch now, or result_object=False to keep the current behavior and silence this warning.
  p1 = adfuller(spread_train[:h], autolag="AIC")[1]
/Users/ganzhengwei/Desktop/object/量化/test/mrarb/futures.py:761: FutureWarning: adfuller currently returns a plain tuple whose length depends on the store and autolag arguments. In release 0.16 or after July 2027, whichever is later, the default behavior will switch to always returning an ADFullerResult. Set result_object=True to switch now, or result_object=False to keep the current behavior and silence this warning.
  p2 = adfuller(spread_train[h:], autolag="AIC")[1]
/Users/ganzhengwei/Desktop/object/量化/test/mrarb/futures.py:760: FutureWarning: adfuller currently returns a plain tuple whose length depends on the store and autolag arguments. In release 0.16 or after July 2027, whichever is later, the default behavior will switch to always returning an ADFullerResult. Set result_object=True to switch now, or result_object=False to keep the current behavior and silence this warning.
  p1 = adfuller(spread_train[:h], autolag="AIC")[1]
/Users/ganzhengwei/Desktop/object/量化/test/mrarb/futures.py:761: FutureWarning: adfuller currently returns a plain tuple whose length depends on the store and autolag arguments. In release 0.16 or after July 2027, whichever is later, the default behavior will switch to always returning an ADFullerResult. Set result_object=True to switch now, or result_object=False to keep the current behavior and silence this warning.
  p2 = adfuller(spread_train[h:], autolag="AIC")[1]
/Users/ganzhengwei/Desktop/object/量化/test/mrarb/futures.py:760: FutureWarning: adfuller currently returns a plain tuple whose length depends on the store and autolag arguments. In release 0.16 or after July 2027, whichever is later, the default behavior will switch to always returning an ADFullerResult. Set result_object=True to switch now, or result_object=False to keep the current behavior and silence this warning.
  p1 = adfuller(spread_train[:h], autolag="AIC")[1]
/Users/ganzhengwei/Desktop/object/量化/test/mrarb/futures.py:761: FutureWarning: adfuller currently returns a plain tuple whose length depends on the store and autolag arguments. In release 0.16 or after July 2027, whichever is later, the default behavior will switch to always returning an ADFullerResult. Set result_object=True to switch now, or result_object=False to keep the current behavior and silence this warning.
  p2 = adfuller(spread_train[h:], autolag="AIC")[1]
/Users/ganzhengwei/Desktop/object/量化/test/mrarb/futures.py:760: FutureWarning: adfuller currently returns a plain tuple whose length depends on the store and autolag arguments. In release 0.16 or after July 2027, whichever is later, the default behavior will switch to always returning an ADFullerResult. Set result_object=True to switch now, or result_object=False to keep the current behavior and silence this warning.
  p1 = adfuller(spread_train[:h], autolag="AIC")[1]
/Users/ganzhengwei/Desktop/object/量化/test/mrarb/futures.py:761: FutureWarning: adfuller currently returns a plain tuple whose length depends on the store and autolag arguments. In release 0.16 or after July 2027, whichever is later, the default behavior will switch to always returning an ADFullerResult. Set result_object=True to switch now, or result_object=False to keep the current behavior and silence this warning.
  p2 = adfuller(spread_train[h:], autolag="AIC")[1]
/Users/ganzhengwei/Desktop/object/量化/test/mrarb/futures.py:760: FutureWarning: adfuller currently returns a plain tuple whose length depends on the store and autolag arguments. In release 0.16 or after July 2027, whichever is later, the default behavior will switch to always returning an ADFullerResult. Set result_object=True to switch now, or result_object=False to keep the current behavior and silence this warning.
  p1 = adfuller(spread_train[:h], autolag="AIC")[1]
/Users/ganzhengwei/Desktop/object/量化/test/mrarb/futures.py:761: FutureWarning: adfuller currently returns a plain tuple whose length depends on the store and autolag arguments. In release 0.16 or after July 2027, whichever is later, the default behavior will switch to always returning an ADFullerResult. Set result_object=True to switch now, or result_object=False to keep the current behavior and silence this warning.
  p2 = adfuller(spread_train[h:], autolag="AIC")[1]
/Users/ganzhengwei/Desktop/object/量化/test/mrarb/futures.py:760: FutureWarning: adfuller currently returns a plain tuple whose length depends on the store and autolag arguments. In release 0.16 or after July 2027, whichever is later, the default behavior will switch to always returning an ADFullerResult. Set result_object=True to switch now, or result_object=False to keep the current behavior and silence this warning.
  p1 = adfuller(spread_train[:h], autolag="AIC")[1]
/Users/ganzhengwei/Desktop/object/量化/test/mrarb/futures.py:761: FutureWarning: adfuller currently returns a plain tuple whose length depends on the store and autolag arguments. In release 0.16 or after July 2027, whichever is later, the default behavior will switch to always returning an ADFullerResult. Set result_object=True to switch now, or result_object=False to keep the current behavior and silence this warning.
  p2 = adfuller(spread_train[h:], autolag="AIC")[1]
/Users/ganzhengwei/Desktop/object/量化/test/mrarb/futures.py:760: FutureWarning: adfuller currently returns a plain tuple whose length depends on the store and autolag arguments. In release 0.16 or after July 2027, whichever is later, the default behavior will switch to always returning an ADFullerResult. Set result_object=True to switch now, or result_object=False to keep the current behavior and silence this warning.
  p1 = adfuller(spread_train[:h], autolag="AIC")[1]
/Users/ganzhengwei/Desktop/object/量化/test/mrarb/futures.py:761: FutureWarning: adfuller currently returns a plain tuple whose length depends on the store and autolag arguments. In release 0.16 or after July 2027, whichever is later, the default behavior will switch to always returning an ADFullerResult. Set result_object=True to switch now, or result_object=False to keep the current behavior and silence this warning.
  p2 = adfuller(spread_train[h:], autolag="AIC")[1]
/Users/ganzhengwei/Desktop/object/量化/test/mrarb/futures.py:760: FutureWarning: adfuller currently returns a plain tuple whose length depends on the store and autolag arguments. In release 0.16 or after July 2027, whichever is later, the default behavior will switch to always returning an ADFullerResult. Set result_object=True to switch now, or result_object=False to keep the current behavior and silence this warning.
  p1 = adfuller(spread_train[:h], autolag="AIC")[1]
/Users/ganzhengwei/Desktop/object/量化/test/mrarb/futures.py:761: FutureWarning: adfuller currently returns a plain tuple whose length depends on the store and autolag arguments. In release 0.16 or after July 2027, whichever is later, the default behavior will switch to always returning an ADFullerResult. Set result_object=True to switch now, or result_object=False to keep the current behavior and silence this warning.
  p2 = adfuller(spread_train[h:], autolag="AIC")[1]
/Users/ganzhengwei/Desktop/object/量化/test/mrarb/futures.py:760: FutureWarning: adfuller currently returns a plain tuple whose length depends on the store and autolag arguments. In release 0.16 or after July 2027, whichever is later, the default behavior will switch to always returning an ADFullerResult. Set result_object=True to switch now, or result_object=False to keep the current behavior and silence this warning.
  p1 = adfuller(spread_train[:h], autolag="AIC")[1]
/Users/ganzhengwei/Desktop/object/量化/test/mrarb/futures.py:761: FutureWarning: adfuller currently returns a plain tuple whose length depends on the store and autolag arguments. In release 0.16 or after July 2027, whichever is later, the default behavior will switch to always returning an ADFullerResult. Set result_object=True to switch now, or result_object=False to keep the current behavior and silence this warning.
  p2 = adfuller(spread_train[h:], autolag="AIC")[1]
/Users/ganzhengwei/Desktop/object/量化/test/mrarb/futures.py:760: FutureWarning: adfuller currently returns a plain tuple whose length depends on the store and autolag arguments. In release 0.16 or after July 2027, whichever is later, the default behavior will switch to always returning an ADFullerResult. Set result_object=True to switch now, or result_object=False to keep the current behavior and silence this warning.
  p1 = adfuller(spread_train[:h], autolag="AIC")[1]
/Users/ganzhengwei/Desktop/object/量化/test/mrarb/futures.py:761: FutureWarning: adfuller currently returns a plain tuple whose length depends on the store and autolag arguments. In release 0.16 or after July 2027, whichever is later, the default behavior will switch to always returning an ADFullerResult. Set result_object=True to switch now, or result_object=False to keep the current behavior and silence this warning.
  p2 = adfuller(spread_train[h:], autolag="AIC")[1]
/Users/ganzhengwei/Desktop/object/量化/test/mrarb/futures.py:760: FutureWarning: adfuller currently returns a plain tuple whose length depends on the store and autolag arguments. In release 0.16 or after July 2027, whichever is later, the default behavior will switch to always returning an ADFullerResult. Set result_object=True to switch now, or result_object=False to keep the current behavior and silence this warning.
  p1 = adfuller(spread_train[:h], autolag="AIC")[1]
/Users/ganzhengwei/Desktop/object/量化/test/mrarb/futures.py:761: FutureWarning: adfuller currently returns a plain tuple whose length depends on the store and autolag arguments. In release 0.16 or after July 2027, whichever is later, the default behavior will switch to always returning an ADFullerResult. Set result_object=True to switch now, or result_object=False to keep the current behavior and silence this warning.
  p2 = adfuller(spread_train[h:], autolag="AIC")[1]
/Users/ganzhengwei/Desktop/object/量化/test/mrarb/futures.py:760: FutureWarning: adfuller currently returns a plain tuple whose length depends on the store and autolag arguments. In release 0.16 or after July 2027, whichever is later, the default behavior will switch to always returning an ADFullerResult. Set result_object=True to switch now, or result_object=False to keep the current behavior and silence this warning.
  p1 = adfuller(spread_train[:h], autolag="AIC")[1]
/Users/ganzhengwei/Desktop/object/量化/test/mrarb/futures.py:761: FutureWarning: adfuller currently returns a plain tuple whose length depends on the store and autolag arguments. In release 0.16 or after July 2027, whichever is later, the default behavior will switch to always returning an ADFullerResult. Set result_object=True to switch now, or result_object=False to keep the current behavior and silence this warning.
  p2 = adfuller(spread_train[h:], autolag="AIC")[1]
/Users/ganzhengwei/Desktop/object/量化/test/mrarb/futures.py:760: FutureWarning: adfuller currently returns a plain tuple whose length depends on the store and autolag arguments. In release 0.16 or after July 2027, whichever is later, the default behavior will switch to always returning an ADFullerResult. Set result_object=True to switch now, or result_object=False to keep the current behavior and silence this warning.
  p1 = adfuller(spread_train[:h], autolag="AIC")[1]
/Users/ganzhengwei/Desktop/object/量化/test/mrarb/futures.py:761: FutureWarning: adfuller currently returns a plain tuple whose length depends on the store and autolag arguments. In release 0.16 or after July 2027, whichever is later, the default behavior will switch to always returning an ADFullerResult. Set result_object=True to switch now, or result_object=False to keep the current behavior and silence this warning.
  p2 = adfuller(spread_train[h:], autolag="AIC")[1]
/Users/ganzhengwei/Desktop/object/量化/test/mrarb/futures.py:760: FutureWarning: adfuller currently returns a plain tuple whose length depends on the store and autolag arguments. In release 0.16 or after July 2027, whichever is later, the default behavior will switch to always returning an ADFullerResult. Set result_object=True to switch now, or result_object=False to keep the current behavior and silence this warning.
  p1 = adfuller(spread_train[:h], autolag="AIC")[1]
/Users/ganzhengwei/Desktop/object/量化/test/mrarb/futures.py:761: FutureWarning: adfuller currently returns a plain tuple whose length depends on the store and autolag arguments. In release 0.16 or after July 2027, whichever is later, the default behavior will switch to always returning an ADFullerResult. Set result_object=True to switch now, or result_object=False to keep the current behavior and silence this warning.
  p2 = adfuller(spread_train[h:], autolag="AIC")[1]
/Users/ganzhengwei/Desktop/object/量化/test/mrarb/futures.py:760: FutureWarning: adfuller currently returns a plain tuple whose length depends on the store and autolag arguments. In release 0.16 or after July 2027, whichever is later, the default behavior will switch to always returning an ADFullerResult. Set result_object=True to switch now, or result_object=False to keep the current behavior and silence this warning.
  p1 = adfuller(spread_train[:h], autolag="AIC")[1]
/Users/ganzhengwei/Desktop/object/量化/test/mrarb/futures.py:761: FutureWarning: adfuller currently returns a plain tuple whose length depends on the store and autolag arguments. In release 0.16 or after July 2027, whichever is later, the default behavior will switch to always returning an ADFullerResult. Set result_object=True to switch now, or result_object=False to keep the current behavior and silence this warning.
  p2 = adfuller(spread_train[h:], autolag="AIC")[1]
/Users/ganzhengwei/Desktop/object/量化/test/mrarb/futures.py:760: FutureWarning: adfuller currently returns a plain tuple whose length depends on the store and autolag arguments. In release 0.16 or after July 2027, whichever is later, the default behavior will switch to always returning an ADFullerResult. Set result_object=True to switch now, or result_object=False to keep the current behavior and silence this warning.
  p1 = adfuller(spread_train[:h], autolag="AIC")[1]
/Users/ganzhengwei/Desktop/object/量化/test/mrarb/futures.py:761: FutureWarning: adfuller currently returns a plain tuple whose length depends on the store and autolag arguments. In release 0.16 or after July 2027, whichever is later, the default behavior will switch to always returning an ADFullerResult. Set result_object=True to switch now, or result_object=False to keep the current behavior and silence this warning.
  p2 = adfuller(spread_train[h:], autolag="AIC")[1]
/Users/ganzhengwei/Desktop/object/量化/test/mrarb/futures.py:760: FutureWarning: adfuller currently returns a plain tuple whose length depends on the store and autolag arguments. In release 0.16 or after July 2027, whichever is later, the default behavior will switch to always returning an ADFullerResult. Set result_object=True to switch now, or result_object=False to keep the current behavior and silence this warning.
  p1 = adfuller(spread_train[:h], autolag="AIC")[1]
/Users/ganzhengwei/Desktop/object/量化/test/mrarb/futures.py:761: FutureWarning: adfuller currently returns a plain tuple whose length depends on the store and autolag arguments. In release 0.16 or after July 2027, whichever is later, the default behavior will switch to always returning an ADFullerResult. Set result_object=True to switch now, or result_object=False to keep the current behavior and silence this warning.
  p2 = adfuller(spread_train[h:], autolag="AIC")[1]
/Users/ganzhengwei/Desktop/object/量化/test/mrarb/futures.py:760: FutureWarning: adfuller currently returns a plain tuple whose length depends on the store and autolag arguments. In release 0.16 or after July 2027, whichever is later, the default behavior will switch to always returning an ADFullerResult. Set result_object=True to switch now, or result_object=False to keep the current behavior and silence this warning.
  p1 = adfuller(spread_train[:h], autolag="AIC")[1]
/Users/ganzhengwei/Desktop/object/量化/test/mrarb/futures.py:761: FutureWarning: adfuller currently returns a plain tuple whose length depends on the store and autolag arguments. In release 0.16 or after July 2027, whichever is later, the default behavior will switch to always returning an ADFullerResult. Set result_object=True to switch now, or result_object=False to keep the current behavior and silence this warning.
  p2 = adfuller(spread_train[h:], autolag="AIC")[1]
/Users/ganzhengwei/Desktop/object/量化/test/mrarb/futures.py:760: FutureWarning: adfuller currently returns a plain tuple whose length depends on the store and autolag arguments. In release 0.16 or after July 2027, whichever is later, the default behavior will switch to always returning an ADFullerResult. Set result_object=True to switch now, or result_object=False to keep the current behavior and silence this warning.
  p1 = adfuller(spread_train[:h], autolag="AIC")[1]
/Users/ganzhengwei/Desktop/object/量化/test/mrarb/futures.py:761: FutureWarning: adfuller currently returns a plain tuple whose length depends on the store and autolag arguments. In release 0.16 or after July 2027, whichever is later, the default behavior will switch to always returning an ADFullerResult. Set result_object=True to switch now, or result_object=False to keep the current behavior and silence this warning.
  p2 = adfuller(spread_train[h:], autolag="AIC")[1]
/Users/ganzhengwei/Desktop/object/量化/test/mrarb/futures.py:760: FutureWarning: adfuller currently returns a plain tuple whose length depends on the store and autolag arguments. In release 0.16 or after July 2027, whichever is later, the default behavior will switch to always returning an ADFullerResult. Set result_object=True to switch now, or result_object=False to keep the current behavior and silence this warning.
  p1 = adfuller(spread_train[:h], autolag="AIC")[1]
/Users/ganzhengwei/Desktop/object/量化/test/mrarb/futures.py:761: FutureWarning: adfuller currently returns a plain tuple whose length depends on the store and autolag arguments. In release 0.16 or after July 2027, whichever is later, the default behavior will switch to always returning an ADFullerResult. Set result_object=True to switch now, or result_object=False to keep the current behavior and silence this warning.
  p2 = adfuller(spread_train[h:], autolag="AIC")[1]
/Users/ganzhengwei/Desktop/object/量化/test/mrarb/futures.py:760: FutureWarning: adfuller currently returns a plain tuple whose length depends on the store and autolag arguments. In release 0.16 or after July 2027, whichever is later, the default behavior will switch to always returning an ADFullerResult. Set result_object=True to switch now, or result_object=False to keep the current behavior and silence this warning.
  p1 = adfuller(spread_train[:h], autolag="AIC")[1]
/Users/ganzhengwei/Desktop/object/量化/test/mrarb/futures.py:761: FutureWarning: adfuller currently returns a plain tuple whose length depends on the store and autolag arguments. In release 0.16 or after July 2027, whichever is later, the default behavior will switch to always returning an ADFullerResult. Set result_object=True to switch now, or result_object=False to keep the current behavior and silence this warning.
  p2 = adfuller(spread_train[h:], autolag="AIC")[1]
/Users/ganzhengwei/Desktop/object/量化/test/mrarb/futures.py:549: RuntimeWarning: All-NaN axis encountered
  return float(np.nanmin([_leg_avg_vol(u, c, _leg(u, c, r)[0], tr)
/Users/ganzhengwei/Desktop/object/量化/test/mrarb/futures.py:687: FutureWarning: adfuller currently returns a plain tuple whose length depends on the store and autolag arguments. In release 0.16 or after July 2027, whichever is later, the default behavior will switch to always returning an ADFullerResult. Set result_object=True to switch now, or result_object=False to keep the current behavior and silence this warning.
  p = adfuller(y - Xs[0], autolag="AIC")[1]
/Users/ganzhengwei/Desktop/object/量化/test/mrarb/futures.py:760: FutureWarning: adfuller currently returns a plain tuple whose length depends on the store and autolag arguments. In release 0.16 or after July 2027, whichever is later, the default behavior will switch to always returning an ADFullerResult. Set result_object=True to switch now, or result_object=False to keep the current behavior and silence this warning.
  p1 = adfuller(spread_train[:h], autolag="AIC")[1]
/Users/ganzhengwei/Desktop/object/量化/test/mrarb/futures.py:761: FutureWarning: adfuller currently returns a plain tuple whose length depends on the store and autolag arguments. In release 0.16 or after July 2027, whichever is later, the default behavior will switch to always returning an ADFullerResult. Set result_object=True to switch now, or result_object=False to keep the current behavior and silence this warning.
  p2 = adfuller(spread_train[h:], autolag="AIC")[1]
/Users/ganzhengwei/Desktop/object/量化/test/mrarb/futures.py:687: FutureWarning: adfuller currently returns a plain tuple whose length depends on the store and autolag arguments. In release 0.16 or after July 2027, whichever is later, the default behavior will switch to always returning an ADFullerResult. Set result_object=True to switch now, or result_object=False to keep the current behavior and silence this warning.
  p = adfuller(y - Xs[0], autolag="AIC")[1]
/Users/ganzhengwei/Desktop/object/量化/test/mrarb/futures.py:760: FutureWarning: adfuller currently returns a plain tuple whose length depends on the store and autolag arguments. In release 0.16 or after July 2027, whichever is later, the default behavior will switch to always returning an ADFullerResult. Set result_object=True to switch now, or result_object=False to keep the current behavior and silence this warning.
  p1 = adfuller(spread_train[:h], autolag="AIC")[1]
/Users/ganzhengwei/Desktop/object/量化/test/mrarb/futures.py:761: FutureWarning: adfuller currently returns a plain tuple whose length depends on the store and autolag arguments. In release 0.16 or after July 2027, whichever is later, the default behavior will switch to always returning an ADFullerResult. Set result_object=True to switch now, or result_object=False to keep the current behavior and silence this warning.
  p2 = adfuller(spread_train[h:], autolag="AIC")[1]
/Users/ganzhengwei/Desktop/object/量化/test/mrarb/futures.py:687: FutureWarning: adfuller currently returns a plain tuple whose length depends on the store and autolag arguments. In release 0.16 or after July 2027, whichever is later, the default behavior will switch to always returning an ADFullerResult. Set result_object=True to switch now, or result_object=False to keep the current behavior and silence this warning.
  p = adfuller(y - Xs[0], autolag="AIC")[1]
/Users/ganzhengwei/Desktop/object/量化/test/mrarb/futures.py:760: FutureWarning: adfuller currently returns a plain tuple whose length depends on the store and autolag arguments. In release 0.16 or after July 2027, whichever is later, the default behavior will switch to always returning an ADFullerResult. Set result_object=True to switch now, or result_object=False to keep the current behavior and silence this warning.
  p1 = adfuller(spread_train[:h], autolag="AIC")[1]
/Users/ganzhengwei/Desktop/object/量化/test/mrarb/futures.py:761: FutureWarning: adfuller currently returns a plain tuple whose length depends on the store and autolag arguments. In release 0.16 or after July 2027, whichever is later, the default behavior will switch to always returning an ADFullerResult. Set result_object=True to switch now, or result_object=False to keep the current behavior and silence this warning.
  p2 = adfuller(spread_train[h:], autolag="AIC")[1]
/Users/ganzhengwei/Desktop/object/量化/test/mrarb/futures.py:687: FutureWarning: adfuller currently returns a plain tuple whose length depends on the store and autolag arguments. In release 0.16 or after July 2027, whichever is later, the default behavior will switch to always returning an ADFullerResult. Set result_object=True to switch now, or result_object=False to keep the current behavior and silence this warning.
  p = adfuller(y - Xs[0], autolag="AIC")[1]
/Users/ganzhengwei/Desktop/object/量化/test/mrarb/futures.py:760: FutureWarning: adfuller currently returns a plain tuple whose length depends on the store and autolag arguments. In release 0.16 or after July 2027, whichever is later, the default behavior will switch to always returning an ADFullerResult. Set result_object=True to switch now, or result_object=False to keep the current behavior and silence this warning.
  p1 = adfuller(spread_train[:h], autolag="AIC")[1]
/Users/ganzhengwei/Desktop/object/量化/test/mrarb/futures.py:761: FutureWarning: adfuller currently returns a plain tuple whose length depends on the store and autolag arguments. In release 0.16 or after July 2027, whichever is later, the default behavior will switch to always returning an ADFullerResult. Set result_object=True to switch now, or result_object=False to keep the current behavior and silence this warning.
  p2 = adfuller(spread_train[h:], autolag="AIC")[1]
/Users/ganzhengwei/Desktop/object/量化/test/mrarb/futures.py:687: FutureWarning: adfuller currently returns a plain tuple whose length depends on the store and autolag arguments. In release 0.16 or after July 2027, whichever is later, the default behavior will switch to always returning an ADFullerResult. Set result_object=True to switch now, or result_object=False to keep the current behavior and silence this warning.
  p = adfuller(y - Xs[0], autolag="AIC")[1]
/Users/ganzhengwei/Desktop/object/量化/test/mrarb/futures.py:760: FutureWarning: adfuller currently returns a plain tuple whose length depends on the store and autolag arguments. In release 0.16 or after July 2027, whichever is later, the default behavior will switch to always returning an ADFullerResult. Set result_object=True to switch now, or result_object=False to keep the current behavior and silence this warning.
  p1 = adfuller(spread_train[:h], autolag="AIC")[1]
/Users/ganzhengwei/Desktop/object/量化/test/mrarb/futures.py:761: FutureWarning: adfuller currently returns a plain tuple whose length depends on the store and autolag arguments. In release 0.16 or after July 2027, whichever is later, the default behavior will switch to always returning an ADFullerResult. Set result_object=True to switch now, or result_object=False to keep the current behavior and silence this warning.
  p2 = adfuller(spread_train[h:], autolag="AIC")[1]
/Users/ganzhengwei/Desktop/object/量化/test/mrarb/futures.py:687: FutureWarning: adfuller currently returns a plain tuple whose length depends on the store and autolag arguments. In release 0.16 or after July 2027, whichever is later, the default behavior will switch to always returning an ADFullerResult. Set result_object=True to switch now, or result_object=False to keep the current behavior and silence this warning.
  p = adfuller(y - Xs[0], autolag="AIC")[1]
/Users/ganzhengwei/Desktop/object/量化/test/mrarb/futures.py:760: FutureWarning: adfuller currently returns a plain tuple whose length depends on the store and autolag arguments. In release 0.16 or after July 2027, whichever is later, the default behavior will switch to always returning an ADFullerResult. Set result_object=True to switch now, or result_object=False to keep the current behavior and silence this warning.
  p1 = adfuller(spread_train[:h], autolag="AIC")[1]
/Users/ganzhengwei/Desktop/object/量化/test/mrarb/futures.py:761: FutureWarning: adfuller currently returns a plain tuple whose length depends on the store and autolag arguments. In release 0.16 or after July 2027, whichever is later, the default behavior will switch to always returning an ADFullerResult. Set result_object=True to switch now, or result_object=False to keep the current behavior and silence this warning.
  p2 = adfuller(spread_train[h:], autolag="AIC")[1]
/Users/ganzhengwei/Desktop/object/量化/test/mrarb/futures.py:687: FutureWarning: adfuller currently returns a plain tuple whose length depends on the store and autolag arguments. In release 0.16 or after July 2027, whichever is later, the default behavior will switch to always returning an ADFullerResult. Set result_object=True to switch now, or result_object=False to keep the current behavior and silence this warning.
  p = adfuller(y - Xs[0], autolag="AIC")[1]
/Users/ganzhengwei/Desktop/object/量化/test/mrarb/futures.py:760: FutureWarning: adfuller currently returns a plain tuple whose length depends on the store and autolag arguments. In release 0.16 or after July 2027, whichever is later, the default behavior will switch to always returning an ADFullerResult. Set result_object=True to switch now, or result_object=False to keep the current behavior and silence this warning.
  p1 = adfuller(spread_train[:h], autolag="AIC")[1]
/Users/ganzhengwei/Desktop/object/量化/test/mrarb/futures.py:761: FutureWarning: adfuller currently returns a plain tuple whose length depends on the store and autolag arguments. In release 0.16 or after July 2027, whichever is later, the default behavior will switch to always returning an ADFullerResult. Set result_object=True to switch now, or result_object=False to keep the current behavior and silence this warning.
  p2 = adfuller(spread_train[h:], autolag="AIC")[1]
/Users/ganzhengwei/Desktop/object/量化/test/mrarb/futures.py:687: FutureWarning: adfuller currently returns a plain tuple whose length depends on the store and autolag arguments. In release 0.16 or after July 2027, whichever is later, the default behavior will switch to always returning an ADFullerResult. Set result_object=True to switch now, or result_object=False to keep the current behavior and silence this warning.
  p = adfuller(y - Xs[0], autolag="AIC")[1]
/Users/ganzhengwei/Desktop/object/量化/test/mrarb/futures.py:760: FutureWarning: adfuller currently returns a plain tuple whose length depends on the store and autolag arguments. In release 0.16 or after July 2027, whichever is later, the default behavior will switch to always returning an ADFullerResult. Set result_object=True to switch now, or result_object=False to keep the current behavior and silence this warning.
  p1 = adfuller(spread_train[:h], autolag="AIC")[1]
/Users/ganzhengwei/Desktop/object/量化/test/mrarb/futures.py:761: FutureWarning: adfuller currently returns a plain tuple whose length depends on the store and autolag arguments. In release 0.16 or after July 2027, whichever is later, the default behavior will switch to always returning an ADFullerResult. Set result_object=True to switch now, or result_object=False to keep the current behavior and silence this warning.
  p2 = adfuller(spread_train[h:], autolag="AIC")[1]
/Users/ganzhengwei/Desktop/object/量化/test/mrarb/futures.py:687: FutureWarning: adfuller currently returns a plain tuple whose length depends on the store and autolag arguments. In release 0.16 or after July 2027, whichever is later, the default behavior will switch to always returning an ADFullerResult. Set result_object=True to switch now, or result_object=False to keep the current behavior and silence this warning.
  p = adfuller(y - Xs[0], autolag="AIC")[1]
/Users/ganzhengwei/Desktop/object/量化/test/mrarb/futures.py:760: FutureWarning: adfuller currently returns a plain tuple whose length depends on the store and autolag arguments. In release 0.16 or after July 2027, whichever is later, the default behavior will switch to always returning an ADFullerResult. Set result_object=True to switch now, or result_object=False to keep the current behavior and silence this warning.
  p1 = adfuller(spread_train[:h], autolag="AIC")[1]
/Users/ganzhengwei/Desktop/object/量化/test/mrarb/futures.py:761: FutureWarning: adfuller currently returns a plain tuple whose length depends on the store and autolag arguments. In release 0.16 or after July 2027, whichever is later, the default behavior will switch to always returning an ADFullerResult. Set result_object=True to switch now, or result_object=False to keep the current behavior and silence this warning.
  p2 = adfuller(spread_train[h:], autolag="AIC")[1]
/Users/ganzhengwei/Desktop/object/量化/test/mrarb/futures.py:687: FutureWarning: adfuller currently returns a plain tuple whose length depends on the store and autolag arguments. In release 0.16 or after July 2027, whichever is later, the default behavior will switch to always returning an ADFullerResult. Set result_object=True to switch now, or result_object=False to keep the current behavior and silence this warning.
  p = adfuller(y - Xs[0], autolag="AIC")[1]
/Users/ganzhengwei/Desktop/object/量化/test/mrarb/futures.py:760: FutureWarning: adfuller currently returns a plain tuple whose length depends on the store and autolag arguments. In release 0.16 or after July 2027, whichever is later, the default behavior will switch to always returning an ADFullerResult. Set result_object=True to switch now, or result_object=False to keep the current behavior and silence this warning.
  p1 = adfuller(spread_train[:h], autolag="AIC")[1]
/Users/ganzhengwei/Desktop/object/量化/test/mrarb/futures.py:761: FutureWarning: adfuller currently returns a plain tuple whose length depends on the store and autolag arguments. In release 0.16 or after July 2027, whichever is later, the default behavior will switch to always returning an ADFullerResult. Set result_object=True to switch now, or result_object=False to keep the current behavior and silence this warning.
  p2 = adfuller(spread_train[h:], autolag="AIC")[1]
/Users/ganzhengwei/Desktop/object/量化/test/mrarb/futures.py:687: FutureWarning: adfuller currently returns a plain tuple whose length depends on the store and autolag arguments. In release 0.16 or after July 2027, whichever is later, the default behavior will switch to always returning an ADFullerResult. Set result_object=True to switch now, or result_object=False to keep the current behavior and silence this warning.
  p = adfuller(y - Xs[0], autolag="AIC")[1]
/Users/ganzhengwei/Desktop/object/量化/test/mrarb/futures.py:760: FutureWarning: adfuller currently returns a plain tuple whose length depends on the store and autolag arguments. In release 0.16 or after July 2027, whichever is later, the default behavior will switch to always returning an ADFullerResult. Set result_object=True to switch now, or result_object=False to keep the current behavior and silence this warning.
  p1 = adfuller(spread_train[:h], autolag="AIC")[1]
/Users/ganzhengwei/Desktop/object/量化/test/mrarb/futures.py:761: FutureWarning: adfuller currently returns a plain tuple whose length depends on the store and autolag arguments. In release 0.16 or after July 2027, whichever is later, the default behavior will switch to always returning an ADFullerResult. Set result_object=True to switch now, or result_object=False to keep the current behavior and silence this warning.
  p2 = adfuller(spread_train[h:], autolag="AIC")[1]
/Users/ganzhengwei/Desktop/object/量化/test/mrarb/futures.py:687: FutureWarning: adfuller currently returns a plain tuple whose length depends on the store and autolag arguments. In release 0.16 or after July 2027, whichever is later, the default behavior will switch to always returning an ADFullerResult. Set result_object=True to switch now, or result_object=False to keep the current behavior and silence this warning.
  p = adfuller(y - Xs[0], autolag="AIC")[1]
/Users/ganzhengwei/Desktop/object/量化/test/mrarb/futures.py:760: FutureWarning: adfuller currently returns a plain tuple whose length depends on the store and autolag arguments. In release 0.16 or after July 2027, whichever is later, the default behavior will switch to always returning an ADFullerResult. Set result_object=True to switch now, or result_object=False to keep the current behavior and silence this warning.
  p1 = adfuller(spread_train[:h], autolag="AIC")[1]
/Users/ganzhengwei/Desktop/object/量化/test/mrarb/futures.py:761: FutureWarning: adfuller currently returns a plain tuple whose length depends on the store and autolag arguments. In release 0.16 or after July 2027, whichever is later, the default behavior will switch to always returning an ADFullerResult. Set result_object=True to switch now, or result_object=False to keep the current behavior and silence this warning.
  p2 = adfuller(spread_train[h:], autolag="AIC")[1]
/Users/ganzhengwei/Desktop/object/量化/test/mrarb/futures.py:687: FutureWarning: adfuller currently returns a plain tuple whose length depends on the store and autolag arguments. In release 0.16 or after July 2027, whichever is later, the default behavior will switch to always returning an ADFullerResult. Set result_object=True to switch now, or result_object=False to keep the current behavior and silence this warning.
  p = adfuller(y - Xs[0], autolag="AIC")[1]
/Users/ganzhengwei/Desktop/object/量化/test/mrarb/futures.py:760: FutureWarning: adfuller currently returns a plain tuple whose length depends on the store and autolag arguments. In release 0.16 or after July 2027, whichever is later, the default behavior will switch to always returning an ADFullerResult. Set result_object=True to switch now, or result_object=False to keep the current behavior and silence this warning.
  p1 = adfuller(spread_train[:h], autolag="AIC")[1]
/Users/ganzhengwei/Desktop/object/量化/test/mrarb/futures.py:761: FutureWarning: adfuller currently returns a plain tuple whose length depends on the store and autolag arguments. In release 0.16 or after July 2027, whichever is later, the default behavior will switch to always returning an ADFullerResult. Set result_object=True to switch now, or result_object=False to keep the current behavior and silence this warning.
  p2 = adfuller(spread_train[h:], autolag="AIC")[1]
/Users/ganzhengwei/Desktop/object/量化/test/mrarb/futures.py:687: FutureWarning: adfuller currently returns a plain tuple whose length depends on the store and autolag arguments. In release 0.16 or after July 2027, whichever is later, the default behavior will switch to always returning an ADFullerResult. Set result_object=True to switch now, or result_object=False to keep the current behavior and silence this warning.
  p = adfuller(y - Xs[0], autolag="AIC")[1]
/Users/ganzhengwei/Desktop/object/量化/test/mrarb/futures.py:760: FutureWarning: adfuller currently returns a plain tuple whose length depends on the store and autolag arguments. In release 0.16 or after July 2027, whichever is later, the default behavior will switch to always returning an ADFullerResult. Set result_object=True to switch now, or result_object=False to keep the current behavior and silence this warning.
  p1 = adfuller(spread_train[:h], autolag="AIC")[1]
/Users/ganzhengwei/Desktop/object/量化/test/mrarb/futures.py:761: FutureWarning: adfuller currently returns a plain tuple whose length depends on the store and autolag arguments. In release 0.16 or after July 2027, whichever is later, the default behavior will switch to always returning an ADFullerResult. Set result_object=True to switch now, or result_object=False to keep the current behavior and silence this warning.
  p2 = adfuller(spread_train[h:], autolag="AIC")[1]
/Users/ganzhengwei/Desktop/object/量化/test/mrarb/futures.py:687: FutureWarning: adfuller currently returns a plain tuple whose length depends on the store and autolag arguments. In release 0.16 or after July 2027, whichever is later, the default behavior will switch to always returning an ADFullerResult. Set result_object=True to switch now, or result_object=False to keep the current behavior and silence this warning.
  p = adfuller(y - Xs[0], autolag="AIC")[1]
/Users/ganzhengwei/Desktop/object/量化/test/mrarb/futures.py:760: FutureWarning: adfuller currently returns a plain tuple whose length depends on the store and autolag arguments. In release 0.16 or after July 2027, whichever is later, the default behavior will switch to always returning an ADFullerResult. Set result_object=True to switch now, or result_object=False to keep the current behavior and silence this warning.
  p1 = adfuller(spread_train[:h], autolag="AIC")[1]
/Users/ganzhengwei/Desktop/object/量化/test/mrarb/futures.py:761: FutureWarning: adfuller currently returns a plain tuple whose length depends on the store and autolag arguments. In release 0.16 or after July 2027, whichever is later, the default behavior will switch to always returning an ADFullerResult. Set result_object=True to switch now, or result_object=False to keep the current behavior and silence this warning.
  p2 = adfuller(spread_train[h:], autolag="AIC")[1]
/Users/ganzhengwei/Desktop/object/量化/test/mrarb/futures.py:687: FutureWarning: adfuller currently returns a plain tuple whose length depends on the store and autolag arguments. In release 0.16 or after July 2027, whichever is later, the default behavior will switch to always returning an ADFullerResult. Set result_object=True to switch now, or result_object=False to keep the current behavior and silence this warning.
  p = adfuller(y - Xs[0], autolag="AIC")[1]
/Users/ganzhengwei/Desktop/object/量化/test/mrarb/futures.py:760: FutureWarning: adfuller currently returns a plain tuple whose length depends on the store and autolag arguments. In release 0.16 or after July 2027, whichever is later, the default behavior will switch to always returning an ADFullerResult. Set result_object=True to switch now, or result_object=False to keep the current behavior and silence this warning.
  p1 = adfuller(spread_train[:h], autolag="AIC")[1]
/Users/ganzhengwei/Desktop/object/量化/test/mrarb/futures.py:761: FutureWarning: adfuller currently returns a plain tuple whose length depends on the store and autolag arguments. In release 0.16 or after July 2027, whichever is later, the default behavior will switch to always returning an ADFullerResult. Set result_object=True to switch now, or result_object=False to keep the current behavior and silence this warning.
  p2 = adfuller(spread_train[h:], autolag="AIC")[1]
/Users/ganzhengwei/Desktop/object/量化/test/mrarb/futures.py:760: FutureWarning: adfuller currently returns a plain tuple whose length depends on the store and autolag arguments. In release 0.16 or after July 2027, whichever is later, the default behavior will switch to always returning an ADFullerResult. Set result_object=True to switch now, or result_object=False to keep the current behavior and silence this warning.
  p1 = adfuller(spread_train[:h], autolag="AIC")[1]
/Users/ganzhengwei/Desktop/object/量化/test/mrarb/futures.py:761: FutureWarning: adfuller currently returns a plain tuple whose length depends on the store and autolag arguments. In release 0.16 or after July 2027, whichever is later, the default behavior will switch to always returning an ADFullerResult. Set result_object=True to switch now, or result_object=False to keep the current behavior and silence this warning.
  p2 = adfuller(spread_train[h:], autolag="AIC")[1]
/Users/ganzhengwei/Desktop/object/量化/test/mrarb/futures.py:760: FutureWarning: adfuller currently returns a plain tuple whose length depends on the store and autolag arguments. In release 0.16 or after July 2027, whichever is later, the default behavior will switch to always returning an ADFullerResult. Set result_object=True to switch now, or result_object=False to keep the current behavior and silence this warning.
  p1 = adfuller(spread_train[:h], autolag="AIC")[1]
/Users/ganzhengwei/Desktop/object/量化/test/mrarb/futures.py:761: FutureWarning: adfuller currently returns a plain tuple whose length depends on the store and autolag arguments. In release 0.16 or after July 2027, whichever is later, the default behavior will switch to always returning an ADFullerResult. Set result_object=True to switch now, or result_object=False to keep the current behavior and silence this warning.
  p2 = adfuller(spread_train[h:], autolag="AIC")[1]
/Users/ganzhengwei/Desktop/object/量化/test/mrarb/futures.py:760: FutureWarning: adfuller currently returns a plain tuple whose length depends on the store and autolag arguments. In release 0.16 or after July 2027, whichever is later, the default behavior will switch to always returning an ADFullerResult. Set result_object=True to switch now, or result_object=False to keep the current behavior and silence this warning.
  p1 = adfuller(spread_train[:h], autolag="AIC")[1]
/Users/ganzhengwei/Desktop/object/量化/test/mrarb/futures.py:761: FutureWarning: adfuller currently returns a plain tuple whose length depends on the store and autolag arguments. In release 0.16 or after July 2027, whichever is later, the default behavior will switch to always returning an ADFullerResult. Set result_object=True to switch now, or result_object=False to keep the current behavior and silence this warning.
  p2 = adfuller(spread_train[h:], autolag="AIC")[1]
/Users/ganzhengwei/Desktop/object/量化/test/mrarb/futures.py:760: FutureWarning: adfuller currently returns a plain tuple whose length depends on the store and autolag arguments. In release 0.16 or after July 2027, whichever is later, the default behavior will switch to always returning an ADFullerResult. Set result_object=True to switch now, or result_object=False to keep the current behavior and silence this warning.
  p1 = adfuller(spread_train[:h], autolag="AIC")[1]
/Users/ganzhengwei/Desktop/object/量化/test/mrarb/futures.py:761: FutureWarning: adfuller currently returns a plain tuple whose length depends on the store and autolag arguments. In release 0.16 or after July 2027, whichever is later, the default behavior will switch to always returning an ADFullerResult. Set result_object=True to switch now, or result_object=False to keep the current behavior and silence this warning.
  p2 = adfuller(spread_train[h:], autolag="AIC")[1]
/Users/ganzhengwei/Desktop/object/量化/test/mrarb/futures.py:760: FutureWarning: adfuller currently returns a plain tuple whose length depends on the store and autolag arguments. In release 0.16 or after July 2027, whichever is later, the default behavior will switch to always returning an ADFullerResult. Set result_object=True to switch now, or result_object=False to keep the current behavior and silence this warning.
  p1 = adfuller(spread_train[:h], autolag="AIC")[1]
/Users/ganzhengwei/Desktop/object/量化/test/mrarb/futures.py:761: FutureWarning: adfuller currently returns a plain tuple whose length depends on the store and autolag arguments. In release 0.16 or after July 2027, whichever is later, the default behavior will switch to always returning an ADFullerResult. Set result_object=True to switch now, or result_object=False to keep the current behavior and silence this warning.
  p2 = adfuller(spread_train[h:], autolag="AIC")[1]
/Users/ganzhengwei/Desktop/object/量化/test/mrarb/futures.py:760: FutureWarning: adfuller currently returns a plain tuple whose length depends on the store and autolag arguments. In release 0.16 or after July 2027, whichever is later, the default behavior will switch to always returning an ADFullerResult. Set result_object=True to switch now, or result_object=False to keep the current behavior and silence this warning.
  p1 = adfuller(spread_train[:h], autolag="AIC")[1]
/Users/ganzhengwei/Desktop/object/量化/test/mrarb/futures.py:761: FutureWarning: adfuller currently returns a plain tuple whose length depends on the store and autolag arguments. In release 0.16 or after July 2027, whichever is later, the default behavior will switch to always returning an ADFullerResult. Set result_object=True to switch now, or result_object=False to keep the current behavior and silence this warning.
  p2 = adfuller(spread_train[h:], autolag="AIC")[1]
/Users/ganzhengwei/Desktop/object/量化/test/mrarb/futures.py:760: FutureWarning: adfuller currently returns a plain tuple whose length depends on the store and autolag arguments. In release 0.16 or after July 2027, whichever is later, the default behavior will switch to always returning an ADFullerResult. Set result_object=True to switch now, or result_object=False to keep the current behavior and silence this warning.
  p1 = adfuller(spread_train[:h], autolag="AIC")[1]
/Users/ganzhengwei/Desktop/object/量化/test/mrarb/futures.py:761: FutureWarning: adfuller currently returns a plain tuple whose length depends on the store and autolag arguments. In release 0.16 or after July 2027, whichever is later, the default behavior will switch to always returning an ADFullerResult. Set result_object=True to switch now, or result_object=False to keep the current behavior and silence this warning.
  p2 = adfuller(spread_train[h:], autolag="AIC")[1]
/Users/ganzhengwei/Desktop/object/量化/test/mrarb/futures.py:760: FutureWarning: adfuller currently returns a plain tuple whose length depends on the store and autolag arguments. In release 0.16 or after July 2027, whichever is later, the default behavior will switch to always returning an ADFullerResult. Set result_object=True to switch now, or result_object=False to keep the current behavior and silence this warning.
  p1 = adfuller(spread_train[:h], autolag="AIC")[1]
/Users/ganzhengwei/Desktop/object/量化/test/mrarb/futures.py:761: FutureWarning: adfuller currently returns a plain tuple whose length depends on the store and autolag arguments. In release 0.16 or after July 2027, whichever is later, the default behavior will switch to always returning an ADFullerResult. Set result_object=True to switch now, or result_object=False to keep the current behavior and silence this warning.
  p2 = adfuller(spread_train[h:], autolag="AIC")[1]
/Users/ganzhengwei/Desktop/object/量化/test/mrarb/futures.py:760: FutureWarning: adfuller currently returns a plain tuple whose length depends on the store and autolag arguments. In release 0.16 or after July 2027, whichever is later, the default behavior will switch to always returning an ADFullerResult. Set result_object=True to switch now, or result_object=False to keep the current behavior and silence this warning.
  p1 = adfuller(spread_train[:h], autolag="AIC")[1]
/Users/ganzhengwei/Desktop/object/量化/test/mrarb/futures.py:761: FutureWarning: adfuller currently returns a plain tuple whose length depends on the store and autolag arguments. In release 0.16 or after July 2027, whichever is later, the default behavior will switch to always returning an ADFullerResult. Set result_object=True to switch now, or result_object=False to keep the current behavior and silence this warning.
  p2 = adfuller(spread_train[h:], autolag="AIC")[1]
/Users/ganzhengwei/Desktop/object/量化/test/mrarb/futures.py:760: FutureWarning: adfuller currently returns a plain tuple whose length depends on the store and autolag arguments. In release 0.16 or after July 2027, whichever is later, the default behavior will switch to always returning an ADFullerResult. Set result_object=True to switch now, or result_object=False to keep the current behavior and silence this warning.
  p1 = adfuller(spread_train[:h], autolag="AIC")[1]
/Users/ganzhengwei/Desktop/object/量化/test/mrarb/futures.py:761: FutureWarning: adfuller currently returns a plain tuple whose length depends on the store and autolag arguments. In release 0.16 or after July 2027, whichever is later, the default behavior will switch to always returning an ADFullerResult. Set result_object=True to switch now, or result_object=False to keep the current behavior and silence this warning.
  p2 = adfuller(spread_train[h:], autolag="AIC")[1]
/Users/ganzhengwei/Desktop/object/量化/test/mrarb/futures.py:760: FutureWarning: adfuller currently returns a plain tuple whose length depends on the store and autolag arguments. In release 0.16 or after July 2027, whichever is later, the default behavior will switch to always returning an ADFullerResult. Set result_object=True to switch now, or result_object=False to keep the current behavior and silence this warning.
  p1 = adfuller(spread_train[:h], autolag="AIC")[1]
/Users/ganzhengwei/Desktop/object/量化/test/mrarb/futures.py:761: FutureWarning: adfuller currently returns a plain tuple whose length depends on the store and autolag arguments. In release 0.16 or after July 2027, whichever is later, the default behavior will switch to always returning an ADFullerResult. Set result_object=True to switch now, or result_object=False to keep the current behavior and silence this warning.
  p2 = adfuller(spread_train[h:], autolag="AIC")[1]
/Users/ganzhengwei/Desktop/object/量化/test/mrarb/futures.py:760: FutureWarning: adfuller currently returns a plain tuple whose length depends on the store and autolag arguments. In release 0.16 or after July 2027, whichever is later, the default behavior will switch to always returning an ADFullerResult. Set result_object=True to switch now, or result_object=False to keep the current behavior and silence this warning.
  p1 = adfuller(spread_train[:h], autolag="AIC")[1]
/Users/ganzhengwei/Desktop/object/量化/test/mrarb/futures.py:761: FutureWarning: adfuller currently returns a plain tuple whose length depends on the store and autolag arguments. In release 0.16 or after July 2027, whichever is later, the default behavior will switch to always returning an ADFullerResult. Set result_object=True to switch now, or result_object=False to keep the current behavior and silence this warning.
  p2 = adfuller(spread_train[h:], autolag="AIC")[1]
/Users/ganzhengwei/Desktop/object/量化/test/mrarb/futures.py:760: FutureWarning: adfuller currently returns a plain tuple whose length depends on the store and autolag arguments. In release 0.16 or after July 2027, whichever is later, the default behavior will switch to always returning an ADFullerResult. Set result_object=True to switch now, or result_object=False to keep the current behavior and silence this warning.
  p1 = adfuller(spread_train[:h], autolag="AIC")[1]
/Users/ganzhengwei/Desktop/object/量化/test/mrarb/futures.py:761: FutureWarning: adfuller currently returns a plain tuple whose length depends on the store and autolag arguments. In release 0.16 or after July 2027, whichever is later, the default behavior will switch to always returning an ADFullerResult. Set result_object=True to switch now, or result_object=False to keep the current behavior and silence this warning.
  p2 = adfuller(spread_train[h:], autolag="AIC")[1]
/Users/ganzhengwei/Desktop/object/量化/test/mrarb/futures.py:760: FutureWarning: adfuller currently returns a plain tuple whose length depends on the store and autolag arguments. In release 0.16 or after July 2027, whichever is later, the default behavior will switch to always returning an ADFullerResult. Set result_object=True to switch now, or result_object=False to keep the current behavior and silence this warning.
  p1 = adfuller(spread_train[:h], autolag="AIC")[1]
/Users/ganzhengwei/Desktop/object/量化/test/mrarb/futures.py:761: FutureWarning: adfuller currently returns a plain tuple whose length depends on the store and autolag arguments. In release 0.16 or after July 2027, whichever is later, the default behavior will switch to always returning an ADFullerResult. Set result_object=True to switch now, or result_object=False to keep the current behavior and silence this warning.
  p2 = adfuller(spread_train[h:], autolag="AIC")[1]
/Users/ganzhengwei/Desktop/object/量化/test/mrarb/futures.py:760: FutureWarning: adfuller currently returns a plain tuple whose length depends on the store and autolag arguments. In release 0.16 or after July 2027, whichever is later, the default behavior will switch to always returning an ADFullerResult. Set result_object=True to switch now, or result_object=False to keep the current behavior and silence this warning.
  p1 = adfuller(spread_train[:h], autolag="AIC")[1]
/Users/ganzhengwei/Desktop/object/量化/test/mrarb/futures.py:761: FutureWarning: adfuller currently returns a plain tuple whose length depends on the store and autolag arguments. In release 0.16 or after July 2027, whichever is later, the default behavior will switch to always returning an ADFullerResult. Set result_object=True to switch now, or result_object=False to keep the current behavior and silence this warning.
  p2 = adfuller(spread_train[h:], autolag="AIC")[1]
/Users/ganzhengwei/Desktop/object/量化/test/mrarb/futures.py:760: FutureWarning: adfuller currently returns a plain tuple whose length depends on the store and autolag arguments. In release 0.16 or after July 2027, whichever is later, the default behavior will switch to always returning an ADFullerResult. Set result_object=True to switch now, or result_object=False to keep the current behavior and silence this warning.
  p1 = adfuller(spread_train[:h], autolag="AIC")[1]
/Users/ganzhengwei/Desktop/object/量化/test/mrarb/futures.py:761: FutureWarning: adfuller currently returns a plain tuple whose length depends on the store and autolag arguments. In release 0.16 or after July 2027, whichever is later, the default behavior will switch to always returning an ADFullerResult. Set result_object=True to switch now, or result_object=False to keep the current behavior and silence this warning.
  p2 = adfuller(spread_train[h:], autolag="AIC")[1]
/Users/ganzhengwei/Desktop/object/量化/test/mrarb/futures.py:760: FutureWarning: adfuller currently returns a plain tuple whose length depends on the store and autolag arguments. In release 0.16 or after July 2027, whichever is later, the default behavior will switch to always returning an ADFullerResult. Set result_object=True to switch now, or result_object=False to keep the current behavior and silence this warning.
  p1 = adfuller(spread_train[:h], autolag="AIC")[1]
/Users/ganzhengwei/Desktop/object/量化/test/mrarb/futures.py:761: FutureWarning: adfuller currently returns a plain tuple whose length depends on the store and autolag arguments. In release 0.16 or after July 2027, whichever is later, the default behavior will switch to always returning an ADFullerResult. Set result_object=True to switch now, or result_object=False to keep the current behavior and silence this warning.
  p2 = adfuller(spread_train[h:], autolag="AIC")[1]
/Users/ganzhengwei/Desktop/object/量化/test/mrarb/futures.py:760: FutureWarning: adfuller currently returns a plain tuple whose length depends on the store and autolag arguments. In release 0.16 or after July 2027, whichever is later, the default behavior will switch to always returning an ADFullerResult. Set result_object=True to switch now, or result_object=False to keep the current behavior and silence this warning.
  p1 = adfuller(spread_train[:h], autolag="AIC")[1]
/Users/ganzhengwei/Desktop/object/量化/test/mrarb/futures.py:761: FutureWarning: adfuller currently returns a plain tuple whose length depends on the store and autolag arguments. In release 0.16 or after July 2027, whichever is later, the default behavior will switch to always returning an ADFullerResult. Set result_object=True to switch now, or result_object=False to keep the current behavior and silence this warning.
  p2 = adfuller(spread_train[h:], autolag="AIC")[1]
/Users/ganzhengwei/Desktop/object/量化/test/mrarb/futures.py:760: FutureWarning: adfuller currently returns a plain tuple whose length depends on the store and autolag arguments. In release 0.16 or after July 2027, whichever is later, the default behavior will switch to always returning an ADFullerResult. Set result_object=True to switch now, or result_object=False to keep the current behavior and silence this warning.
  p1 = adfuller(spread_train[:h], autolag="AIC")[1]
/Users/ganzhengwei/Desktop/object/量化/test/mrarb/futures.py:761: FutureWarning: adfuller currently returns a plain tuple whose length depends on the store and autolag arguments. In release 0.16 or after July 2027, whichever is later, the default behavior will switch to always returning an ADFullerResult. Set result_object=True to switch now, or result_object=False to keep the current behavior and silence this warning.
  p2 = adfuller(spread_train[h:], autolag="AIC")[1]
/Users/ganzhengwei/Desktop/object/量化/test/mrarb/futures.py:760: FutureWarning: adfuller currently returns a plain tuple whose length depends on the store and autolag arguments. In release 0.16 or after July 2027, whichever is later, the default behavior will switch to always returning an ADFullerResult. Set result_object=True to switch now, or result_object=False to keep the current behavior and silence this warning.
  p1 = adfuller(spread_train[:h], autolag="AIC")[1]
/Users/ganzhengwei/Desktop/object/量化/test/mrarb/futures.py:761: FutureWarning: adfuller currently returns a plain tuple whose length depends on the store and autolag arguments. In release 0.16 or after July 2027, whichever is later, the default behavior will switch to always returning an ADFullerResult. Set result_object=True to switch now, or result_object=False to keep the current behavior and silence this warning.
  p2 = adfuller(spread_train[h:], autolag="AIC")[1]
/Users/ganzhengwei/Desktop/object/量化/test/mrarb/futures.py:760: FutureWarning: adfuller currently returns a plain tuple whose length depends on the store and autolag arguments. In release 0.16 or after July 2027, whichever is later, the default behavior will switch to always returning an ADFullerResult. Set result_object=True to switch now, or result_object=False to keep the current behavior and silence this warning.
  p1 = adfuller(spread_train[:h], autolag="AIC")[1]
/Users/ganzhengwei/Desktop/object/量化/test/mrarb/futures.py:761: FutureWarning: adfuller currently returns a plain tuple whose length depends on the store and autolag arguments. In release 0.16 or after July 2027, whichever is later, the default behavior will switch to always returning an ADFullerResult. Set result_object=True to switch now, or result_object=False to keep the current behavior and silence this warning.
  p2 = adfuller(spread_train[h:], autolag="AIC")[1]
/Users/ganzhengwei/Desktop/object/量化/test/mrarb/futures.py:760: FutureWarning: adfuller currently returns a plain tuple whose length depends on the store and autolag arguments. In release 0.16 or after July 2027, whichever is later, the default behavior will switch to always returning an ADFullerResult. Set result_object=True to switch now, or result_object=False to keep the current behavior and silence this warning.
  p1 = adfuller(spread_train[:h], autolag="AIC")[1]
/Users/ganzhengwei/Desktop/object/量化/test/mrarb/futures.py:761: FutureWarning: adfuller currently returns a plain tuple whose length depends on the store and autolag arguments. In release 0.16 or after July 2027, whichever is later, the default behavior will switch to always returning an ADFullerResult. Set result_object=True to switch now, or result_object=False to keep the current behavior and silence this warning.
  p2 = adfuller(spread_train[h:], autolag="AIC")[1]
/Users/ganzhengwei/Desktop/object/量化/test/mrarb/futures.py:760: FutureWarning: adfuller currently returns a plain tuple whose length depends on the store and autolag arguments. In release 0.16 or after July 2027, whichever is later, the default behavior will switch to always returning an ADFullerResult. Set result_object=True to switch now, or result_object=False to keep the current behavior and silence this warning.
  p1 = adfuller(spread_train[:h], autolag="AIC")[1]
/Users/ganzhengwei/Desktop/object/量化/test/mrarb/futures.py:761: FutureWarning: adfuller currently returns a plain tuple whose length depends on the store and autolag arguments. In release 0.16 or after July 2027, whichever is later, the default behavior will switch to always returning an ADFullerResult. Set result_object=True to switch now, or result_object=False to keep the current behavior and silence this warning.
  p2 = adfuller(spread_train[h:], autolag="AIC")[1]
/Users/ganzhengwei/Desktop/object/量化/test/mrarb/futures.py:760: FutureWarning: adfuller currently returns a plain tuple whose length depends on the store and autolag arguments. In release 0.16 or after July 2027, whichever is later, the default behavior will switch to always returning an ADFullerResult. Set result_object=True to switch now, or result_object=False to keep the current behavior and silence this warning.
  p1 = adfuller(spread_train[:h], autolag="AIC")[1]
/Users/ganzhengwei/Desktop/object/量化/test/mrarb/futures.py:761: FutureWarning: adfuller currently returns a plain tuple whose length depends on the store and autolag arguments. In release 0.16 or after July 2027, whichever is later, the default behavior will switch to always returning an ADFullerResult. Set result_object=True to switch now, or result_object=False to keep the current behavior and silence this warning.
  p2 = adfuller(spread_train[h:], autolag="AIC")[1]
/Users/ganzhengwei/Desktop/object/量化/test/mrarb/futures.py:760: FutureWarning: adfuller currently returns a plain tuple whose length depends on the store and autolag arguments. In release 0.16 or after July 2027, whichever is later, the default behavior will switch to always returning an ADFullerResult. Set result_object=True to switch now, or result_object=False to keep the current behavior and silence this warning.
  p1 = adfuller(spread_train[:h], autolag="AIC")[1]
/Users/ganzhengwei/Desktop/object/量化/test/mrarb/futures.py:761: FutureWarning: adfuller currently returns a plain tuple whose length depends on the store and autolag arguments. In release 0.16 or after July 2027, whichever is later, the default behavior will switch to always returning an ADFullerResult. Set result_object=True to switch now, or result_object=False to keep the current behavior and silence this warning.
  p2 = adfuller(spread_train[h:], autolag="AIC")[1]
/Users/ganzhengwei/Desktop/object/量化/test/mrarb/futures.py:760: FutureWarning: adfuller currently returns a plain tuple whose length depends on the store and autolag arguments. In release 0.16 or after July 2027, whichever is later, the default behavior will switch to always returning an ADFullerResult. Set result_object=True to switch now, or result_object=False to keep the current behavior and silence this warning.
  p1 = adfuller(spread_train[:h], autolag="AIC")[1]
/Users/ganzhengwei/Desktop/object/量化/test/mrarb/futures.py:761: FutureWarning: adfuller currently returns a plain tuple whose length depends on the store and autolag arguments. In release 0.16 or after July 2027, whichever is later, the default behavior will switch to always returning an ADFullerResult. Set result_object=True to switch now, or result_object=False to keep the current behavior and silence this warning.
  p2 = adfuller(spread_train[h:], autolag="AIC")[1]
/Users/ganzhengwei/Desktop/object/量化/test/mrarb/futures.py:760: FutureWarning: adfuller currently returns a plain tuple whose length depends on the store and autolag arguments. In release 0.16 or after July 2027, whichever is later, the default behavior will switch to always returning an ADFullerResult. Set result_object=True to switch now, or result_object=False to keep the current behavior and silence this warning.
  p1 = adfuller(spread_train[:h], autolag="AIC")[1]
/Users/ganzhengwei/Desktop/object/量化/test/mrarb/futures.py:761: FutureWarning: adfuller currently returns a plain tuple whose length depends on the store and autolag arguments. In release 0.16 or after July 2027, whichever is later, the default behavior will switch to always returning an ADFullerResult. Set result_object=True to switch now, or result_object=False to keep the current behavior and silence this warning.
  p2 = adfuller(spread_train[h:], autolag="AIC")[1]
/Users/ganzhengwei/Desktop/object/量化/test/mrarb/futures.py:760: FutureWarning: adfuller currently returns a plain tuple whose length depends on the store and autolag arguments. In release 0.16 or after July 2027, whichever is later, the default behavior will switch to always returning an ADFullerResult. Set result_object=True to switch now, or result_object=False to keep the current behavior and silence this warning.
  p1 = adfuller(spread_train[:h], autolag="AIC")[1]
/Users/ganzhengwei/Desktop/object/量化/test/mrarb/futures.py:761: FutureWarning: adfuller currently returns a plain tuple whose length depends on the store and autolag arguments. In release 0.16 or after July 2027, whichever is later, the default behavior will switch to always returning an ADFullerResult. Set result_object=True to switch now, or result_object=False to keep the current behavior and silence this warning.
  p2 = adfuller(spread_train[h:], autolag="AIC")[1]
/Users/ganzhengwei/Desktop/object/量化/test/mrarb/futures.py:760: FutureWarning: adfuller currently returns a plain tuple whose length depends on the store and autolag arguments. In release 0.16 or after July 2027, whichever is later, the default behavior will switch to always returning an ADFullerResult. Set result_object=True to switch now, or result_object=False to keep the current behavior and silence this warning.
  p1 = adfuller(spread_train[:h], autolag="AIC")[1]
/Users/ganzhengwei/Desktop/object/量化/test/mrarb/futures.py:761: FutureWarning: adfuller currently returns a plain tuple whose length depends on the store and autolag arguments. In release 0.16 or after July 2027, whichever is later, the default behavior will switch to always returning an ADFullerResult. Set result_object=True to switch now, or result_object=False to keep the current behavior and silence this warning.
  p2 = adfuller(spread_train[h:], autolag="AIC")[1]
/Users/ganzhengwei/Desktop/object/量化/test/mrarb/futures.py:760: FutureWarning: adfuller currently returns a plain tuple whose length depends on the store and autolag arguments. In release 0.16 or after July 2027, whichever is later, the default behavior will switch to always returning an ADFullerResult. Set result_object=True to switch now, or result_object=False to keep the current behavior and silence this warning.
  p1 = adfuller(spread_train[:h], autolag="AIC")[1]
/Users/ganzhengwei/Desktop/object/量化/test/mrarb/futures.py:761: FutureWarning: adfuller currently returns a plain tuple whose length depends on the store and autolag arguments. In release 0.16 or after July 2027, whichever is later, the default behavior will switch to always returning an ADFullerResult. Set result_object=True to switch now, or result_object=False to keep the current behavior and silence this warning.
  p2 = adfuller(spread_train[h:], autolag="AIC")[1]
/Users/ganzhengwei/Desktop/object/量化/test/mrarb/futures.py:760: FutureWarning: adfuller currently returns a plain tuple whose length depends on the store and autolag arguments. In release 0.16 or after July 2027, whichever is later, the default behavior will switch to always returning an ADFullerResult. Set result_object=True to switch now, or result_object=False to keep the current behavior and silence this warning.
  p1 = adfuller(spread_train[:h], autolag="AIC")[1]
/Users/ganzhengwei/Desktop/object/量化/test/mrarb/futures.py:761: FutureWarning: adfuller currently returns a plain tuple whose length depends on the store and autolag arguments. In release 0.16 or after July 2027, whichever is later, the default behavior will switch to always returning an ADFullerResult. Set result_object=True to switch now, or result_object=False to keep the current behavior and silence this warning.
  p2 = adfuller(spread_train[h:], autolag="AIC")[1]
/Users/ganzhengwei/Desktop/object/量化/test/mrarb/futures.py:760: FutureWarning: adfuller currently returns a plain tuple whose length depends on the store and autolag arguments. In release 0.16 or after July 2027, whichever is later, the default behavior will switch to always returning an ADFullerResult. Set result_object=True to switch now, or result_object=False to keep the current behavior and silence this warning.
  p1 = adfuller(spread_train[:h], autolag="AIC")[1]
/Users/ganzhengwei/Desktop/object/量化/test/mrarb/futures.py:761: FutureWarning: adfuller currently returns a plain tuple whose length depends on the store and autolag arguments. In release 0.16 or after July 2027, whichever is later, the default behavior will switch to always returning an ADFullerResult. Set result_object=True to switch now, or result_object=False to keep the current behavior and silence this warning.
  p2 = adfuller(spread_train[h:], autolag="AIC")[1]
/Users/ganzhengwei/Desktop/object/量化/test/mrarb/futures.py:760: FutureWarning: adfuller currently returns a plain tuple whose length depends on the store and autolag arguments. In release 0.16 or after July 2027, whichever is later, the default behavior will switch to always returning an ADFullerResult. Set result_object=True to switch now, or result_object=False to keep the current behavior and silence this warning.
  p1 = adfuller(spread_train[:h], autolag="AIC")[1]
/Users/ganzhengwei/Desktop/object/量化/test/mrarb/futures.py:761: FutureWarning: adfuller currently returns a plain tuple whose length depends on the store and autolag arguments. In release 0.16 or after July 2027, whichever is later, the default behavior will switch to always returning an ADFullerResult. Set result_object=True to switch now, or result_object=False to keep the current behavior and silence this warning.
  p2 = adfuller(spread_train[h:], autolag="AIC")[1]
/Users/ganzhengwei/Desktop/object/量化/test/mrarb/futures.py:760: FutureWarning: adfuller currently returns a plain tuple whose length depends on the store and autolag arguments. In release 0.16 or after July 2027, whichever is later, the default behavior will switch to always returning an ADFullerResult. Set result_object=True to switch now, or result_object=False to keep the current behavior and silence this warning.
  p1 = adfuller(spread_train[:h], autolag="AIC")[1]
/Users/ganzhengwei/Desktop/object/量化/test/mrarb/futures.py:761: FutureWarning: adfuller currently returns a plain tuple whose length depends on the store and autolag arguments. In release 0.16 or after July 2027, whichever is later, the default behavior will switch to always returning an ADFullerResult. Set result_object=True to switch now, or result_object=False to keep the current behavior and silence this warning.
  p2 = adfuller(spread_train[h:], autolag="AIC")[1]
/Users/ganzhengwei/Desktop/object/量化/test/mrarb/futures.py:760: FutureWarning: adfuller currently returns a plain tuple whose length depends on the store and autolag arguments. In release 0.16 or after July 2027, whichever is later, the default behavior will switch to always returning an ADFullerResult. Set result_object=True to switch now, or result_object=False to keep the current behavior and silence this warning.
  p1 = adfuller(spread_train[:h], autolag="AIC")[1]
/Users/ganzhengwei/Desktop/object/量化/test/mrarb/futures.py:761: FutureWarning: adfuller currently returns a plain tuple whose length depends on the store and autolag arguments. In release 0.16 or after July 2027, whichever is later, the default behavior will switch to always returning an ADFullerResult. Set result_object=True to switch now, or result_object=False to keep the current behavior and silence this warning.
  p2 = adfuller(spread_train[h:], autolag="AIC")[1]
/Users/ganzhengwei/Desktop/object/量化/test/mrarb/futures.py:760: FutureWarning: adfuller currently returns a plain tuple whose length depends on the store and autolag arguments. In release 0.16 or after July 2027, whichever is later, the default behavior will switch to always returning an ADFullerResult. Set result_object=True to switch now, or result_object=False to keep the current behavior and silence this warning.
  p1 = adfuller(spread_train[:h], autolag="AIC")[1]
/Users/ganzhengwei/Desktop/object/量化/test/mrarb/futures.py:761: FutureWarning: adfuller currently returns a plain tuple whose length depends on the store and autolag arguments. In release 0.16 or after July 2027, whichever is later, the default behavior will switch to always returning an ADFullerResult. Set result_object=True to switch now, or result_object=False to keep the current behavior and silence this warning.
  p2 = adfuller(spread_train[h:], autolag="AIC")[1]
  fold 4 (train 723): 0 槽位, 跳过
  fold 5 (train 724): 0 槽位, 跳过

各折叠 OOS Sharpe:
strategy  auto  ou_default  rolling20  tuned
fold                                        
1        -0.89       -0.89       0.32  -1.32
3        -2.19       -2.19      -0.69  -0.69

汇总(跨折叠分布 —— 不再依赖单一 60/40 切分):
            Sharpe均值  Sharpe中位  正折叠比例   年化均值   年化最差  回撤均值
strategy                                                 
auto           -1.54     -1.54    0.0 -12.14 -17.65 -7.22
ou_default     -1.54     -1.54    0.0 -12.14 -17.65 -7.22
rolling20      -0.19     -0.19    0.5  -2.02  -6.13 -4.40
tuned          -1.01     -1.01    0.0  -9.12 -12.11 -7.26
